INSERT INTO facultad (codFac, nom) VALUES
(1,'Facultad de Ingenieria'),
(2,'Facultad de Ciencias Empresariales'),
(3,'Facultad de Ciencias de la Salud'),
(4,'Facultad de Derecho'),
(5,'Facultad de Arquitectura'),
(6,'Facultad de Educacion'),
(7,'Facultad de Ciencias Sociales'),
(8,'Facultad de Comunicaciones'),
(9,'Facultad de Ciencias Contables'),
(10,'Facultad de Tecnologia');

INSERT INTO carrera (codCar, nom, durcic, gradacad, dircarr, est, codFac) VALUES
(1,'Ingenieria de Sistemas',10,'Bachiller','Carlos Perez','Activo',1),
(2,'Ingenieria Civil',10,'Bachiller','Luis Gomez','Activo',1),
(3,'Ingenieria Industrial',10,'Bachiller','Maria Torres','Activo',1),
(4,'Ingenieria Electronica',10,'Bachiller','Jose Ramirez','Activo',1),
(5,'Ingenieria Ambiental',10,'Bachiller','Ana Flores','Activo',1),
(6,'Administracion',10,'Bachiller','Pedro Diaz','Activo',2),
(7,'Marketing',10,'Bachiller','Lucia Castro','Activo',2),
(8,'Negocios Internacionales',10,'Bachiller','Miguel Torres','Activo',2),
(9,'Contabilidad',10,'Bachiller','Sandra Vega','Activo',2),
(10,'Economia',10,'Bachiller','Victor Rojas','Activo',2),
(11,'Enfermeria',10,'Bachiller','Rosa Medina','Activo',3),
(12,'Medicina Humana',14,'Bachiller','Diego Silva','Activo',3),
(13,'Farmacia',10,'Bachiller','Carmen Ruiz','Activo',3),
(14,'Nutricion',10,'Bachiller','Luis Herrera','Activo',3),
(15,'Psicologia',10,'Bachiller','Paola Ramos','Activo',3),
(16,'Derecho Penal',10,'Bachiller','Miguel Luna','Activo',4),
(17,'Derecho Civil',10,'Bachiller','Andrea Paredes','Activo',4),
(18,'Derecho Empresarial',10,'Bachiller','Jose Vega','Activo',4),
(19,'Criminologia',10,'Bachiller','Lucia Mendoza','Activo',4),
(20,'Ciencias Politicas',10,'Bachiller','Carlos Castro','Activo',4),
(21,'Arquitectura',10,'Bachiller','Sandra Ortiz','Activo',5),
(22,'Diseño de Interiores',10,'Bachiller','Pedro Navarro','Activo',5),
(23,'Urbanismo',10,'Bachiller','Ana Delgado','Activo',5),
(24,'Diseño Grafico',10,'Bachiller','Miguel Rios','Activo',5),
(25,'Construccion',10,'Bachiller','Rosa Flores','Activo',5),
(26,'Educacion Inicial',10,'Bachiller','Victor Medina','Activo',6),
(27,'Educacion Primaria',10,'Bachiller','Patricia Torres','Activo',6),
(28,'Educacion Secundaria',10,'Bachiller','Luis Peña','Activo',6),
(29,'Educacion Fisica',10,'Bachiller','Sandra Campos','Activo',6),
(30,'Psicopedagogia',10,'Bachiller','Jorge Ruiz','Activo',6),
(31,'Sociologia',10,'Bachiller','Diego Reyes','Activo',7),
(32,'Trabajo Social',10,'Bachiller','Lucia Salas','Activo',7),
(33,'Historia',10,'Bachiller','Pedro Silva','Activo',7),
(34,'Geografia',10,'Bachiller','Maria Vera','Activo',7),
(35,'Antropologia',10,'Bachiller','Carlos Diaz','Activo',7),
(36,'Comunicacion Audiovisual',10,'Bachiller','Ana Torres','Activo',8),
(37,'Periodismo',10,'Bachiller','Miguel Herrera','Activo',8),
(38,'Publicidad',10,'Bachiller','Sandra Luna','Activo',8),
(39,'Relaciones Publicas',10,'Bachiller','Victor Ramos','Activo',8),
(40,'Produccion Multimedia',10,'Bachiller','Rosa Vega','Activo',8),
(41,'Contabilidad Financiera',10,'Bachiller','Luis Medina','Activo',9),
(42,'Auditoria',10,'Bachiller','Patricia Flores','Activo',9),
(43,'Tributacion',10,'Bachiller','Diego Castro','Activo',9),
(44,'Finanzas',10,'Bachiller','Maria Ruiz','Activo',9),
(45,'Costos y Presupuestos',10,'Bachiller','Pedro Ramos','Activo',9),
(46,'Ciencia de Datos',10,'Bachiller','Ana Silva','Activo',10),
(47,'Ciberseguridad',10,'Bachiller','Jorge Luna','Activo',10),
(48,'Desarrollo Web',10,'Bachiller','Sandra Perez','Activo',10),
(49,'Inteligencia Artificial',10,'Bachiller','Luis Navarro','Activo',10),
(50,'Redes y Telecomunicaciones',10,'Bachiller','Miguel Torres','Activo',10);

INSERT INTO empresa(ruc, razsocial, nomcomer, dirfisc, telprinc, correo, pagweb, reprelegal, fechcrea, canttrabaj, est)
VALUES ('20100000001','Alicorp SAC','Alicorp','Av Industrial 101','900000001','contacto@alicorp.com','alicorp.com','Carlos Mendoza','2020-01-01',500,'Activo'),
('20100000002','Gloria SA','Gloria','Av La Marina 220','900000002','contacto@gloria.com','gloria.com','Luis Ramirez','2020-01-02',450,'Activo'),
('20100000003','Backus SAC','Backus','Av Colonial 330','900000003','contacto@backus.com','backus.com','Fernando Salas','2020-01-03',700,'Activo'),
('20100000004','Interbank SAC','Interbank','Av Javier Prado 450','900000004','contacto@interbank.com','interbank.com','Rosa Perez','2020-01-04',350,'Activo'),
('20100000005','BCP SA','Banco BCP','Av Canaval 510','900000005','contacto@bcp.com','bcp.com','Miguel Torres','2020-01-05',800,'Activo'),
('20100000006','Scotiabank SAC','Scotiabank','Av Benavides 620','900000006','contacto@scotia.com','scotia.com','Lucia Herrera','2020-01-06',420,'Activo'),
('20100000007','Saga Falabella SAC','Falabella','Av Angamos 700','900000007','contacto@falabella.com','falabella.com','Pedro Rojas','2020-01-07',610,'Activo'),
('20100000008','Ripley SAC','Ripley','Av Brasil 800','900000008','contacto@ripley.com','ripley.com','Sandra Diaz','2020-01-08',390,'Activo'),
('20100000009','Oechsle SA','Oechsle','Av Salaverry 900','900000009','contacto@oechsle.com','oechsle.com','Victor Vega','2020-01-09',280,'Activo'),
('20100000010','Inkafarma SAC','Inkafarma','Av Faucett 1000','900000010','contacto@inkafarma.com','inkafarma.com','Ana Flores','2020-01-10',510,'Activo'),
('20100000011','Mifarma SAC','Mifarma','Av Universitaria 1100','900000011','contacto@mifarma.com','mifarma.com','Jorge Castro','2020-01-11',300,'Activo'),
('20100000012','Primax SAC','Primax','Av Arequipa 1200','900000012','contacto@primax.com','primax.com','Carmen Ruiz','2020-01-12',430,'Activo'),
('20100000013','Petroperu SA','Petroperu','Av Peru 1300','900000013','contacto@petroperu.com','petroperu.com','Martin Silva','2020-01-13',900,'Activo'),
('20100000014','Movistar SAC','Movistar','Av Wilson 1400','900000014','contacto@movistar.com','movistar.com','Patricia Campos','2020-01-14',650,'Activo'),
('20100000015','Claro Peru SAC','Claro','Av Tacna 1500','900000015','contacto@claro.com','claro.com','Ricardo Leon','2020-01-15',720,'Activo'),
('20100000016','Entel SAC','Entel','Av Grau 1600','900000016','contacto@entel.com','entel.com','Daniel Paredes','2020-01-16',410,'Activo'),
('20100000017','Bitel SAC','Bitel','Av Mexico 1700','900000017','contacto@bitel.com','bitel.com','Sofia Navarro','2020-01-17',360,'Activo'),
('20100000018','Ransa Comercial SA','Ransa','Av Argentina 1800','900000018','contacto@ransa.com','ransa.com','Julio Medina','2020-01-18',580,'Activo'),
('20100000019','Shalom SAC','Shalom','Av Venezuela 1900','900000019','contacto@shalom.com','shalom.com','Elena Gutierrez','2020-01-19',260,'Activo'),
('20100000020','Cruz del Sur SA','Cruz del Sur','Av Evitamiento 2000','900000020','contacto@cruzdelsur.com','cruzdelsur.com','Raul Quispe','2020-01-20',340,'Activo'),
('20100000021','San Fernando SAC','San Fernando','Av Aviacion 2100','900000021','contacto@sanfernando.com','sanfernando.com','Mario Cueva','2020-01-21',610,'Activo'),
('20100000022','Laive SA','Laive','Av Separadora 2200','900000022','contacto@laive.com','laive.com','Teresa Luna','2020-01-22',295,'Activo'),
('20100000023','Tottus SAC','Tottus','Av Primavera 2300','900000023','contacto@tottus.com','tottus.com','Kevin Rios','2020-01-23',510,'Activo'),
('20100000024','Metro SAC','Metro','Av Tomás Marsano 2400','900000024','contacto@metro.com','metro.com','Gabriela Peña','2020-01-24',455,'Activo'),
('20100000025','Plaza Vea SAC','Plaza Vea','Av Los Heroes 2500','900000025','contacto@plazavea.com','plazavea.com','Oscar Fuentes','2020-01-25',490,'Activo'),
('20100000026','Wong SAC','Wong','Av Caminos del Inca 2600','900000026','contacto@wong.com','wong.com','Andrea Soto','2020-01-26',520,'Activo'),
('20100000027','Makro SAC','Makro','Av Trapiche 2700','900000027','contacto@makro.com','makro.com','Fernando Castañeda','2020-01-27',430,'Activo'),
('20100000028','Maestro SAC','Maestro','Av Proceres 2800','900000028','contacto@maestro.com','maestro.com','Silvia Ortega','2020-01-28',390,'Activo'),
('20100000029','Sodimac SAC','Sodimac','Av Canada 2900','900000029','contacto@sodimac.com','sodimac.com','Renato Aguilar','2020-01-29',610,'Activo'),
('20100000030','Promart SAC','Promart','Av Colonial 3000','900000030','contacto@promart.com','promart.com','Veronica Valdez','2020-01-30',405,'Activo'),
('20100000031','Cineplanet SAC','Cineplanet','Av Larco 3100','900000031','contacto@cineplanet.com','cineplanet.com','Marco Villanueva','2020-01-31',280,'Activo'),
('20100000032','Cinemark SAC','Cinemark','Av Javier Prado 3200','900000032','contacto@cinemark.com','cinemark.com','Patricia Escobar','2020-02-01',260,'Activo'),
('20100000033','Real Plaza SAC','Real Plaza','Av Salaverry 3300','900000033','contacto@realplaza.com','realplaza.com','Miguel Chumpitaz','2020-02-02',500,'Activo'),
('20100000034','Mall Aventura SAC','Mall Aventura','Av Nicolas Ayllon 3400','900000034','contacto@mallaventura.com','mallaventura.com','Cecilia Rojas','2020-02-03',470,'Activo'),
('20100000035','Open Plaza SAC','Open Plaza','Av Angamos 3500','900000035','contacto@openplaza.com','openplaza.com','Ruben Delgado','2020-02-04',420,'Activo'),
('20100000036','BBVA Peru SAC','BBVA','Av Republica de Panama 3600','900000036','contacto@bbva.com','bbva.com','Hector Salinas','2020-02-05',780,'Activo'),
('20100000037','MiBanco SAC','MiBanco','Av Abancay 3700','900000037','contacto@mibanco.com','mibanco.com','Pamela Vera','2020-02-06',330,'Activo'),
('20100000038','Caja Huancayo SAC','Caja Huancayo','Av Tacna 3800','900000038','contacto@cajahuancayo.com','cajahuancayo.com','Diego Mendoza','2020-02-07',250,'Activo'),
('20100000039','Caja Piura SAC','Caja Piura','Av Grau 3900','900000039','contacto@cajapiura.com','cajapiura.com','Monica Chavez','2020-02-08',240,'Activo'),
('20100000040','Caja Arequipa SAC','Caja Arequipa','Av Alfonso Ugarte 4000','900000040','contacto@cajaarequipa.com','cajaarequipa.com','Henry Ponce','2020-02-09',310,'Activo'),
('20100000041','Pacasmayo SAC','Pacasmayo','Av Industrial 4100','900000041','contacto@pacasmayo.com','pacasmayo.com','Raquel Nuñez','2020-02-10',620,'Activo'),
('20100000042','Unacem SAC','Unacem','Av Materiales 4200','900000042','contacto@unacem.com','unacem.com','Oscar Mejia','2020-02-11',840,'Activo'),
('20100000043','Aje Group SAC','AJE','Av Santa Anita 4300','900000043','contacto@aje.com','aje.com','Giovana Rivas','2020-02-12',730,'Activo'),
('20100000044','Lindley SAC','Inca Kola','Av Zarumilla 4400','900000044','contacto@lindley.com','lindley.com','Alexis Peña','2020-02-13',670,'Activo'),
('20100000045','Unique SAC','Unique','Av Petit Thouars 4500','900000045','contacto@unique.com','unique.com','Noelia Campos','2020-02-14',295,'Activo'),
('20100000046','Belcorp SAC','Belcorp','Av Primavera 4600','900000046','contacto@belcorp.com','belcorp.com','Diana Lozano','2020-02-15',580,'Activo'),
('20100000047','Yanbal SAC','Yanbal','Av La Molina 4700','900000047','contacto@yanbal.com','yanbal.com','Bruno Alvarado','2020-02-16',390,'Activo'),
('20100000048','Bembos SAC','Bembos','Av Benavides 4800','900000048','contacto@bembos.com','bembos.com','Karen Salazar','2020-02-17',450,'Activo'),
('20100000049','Norkys SAC','Norkys','Av Aviacion 4900','900000049','contacto@norkys.com','norkys.com','Samuel Torres','2020-02-18',340,'Activo'),
('20100000050','Rokys SAC','Rokys','Av Javier Prado 5000','900000050','contacto@rokys.com','rokys.com','Melissa Castro','2020-02-19',300,'Activo'),
('20100000051','KFC Peru SAC','KFC','Av Brasil 5100','900000051','contacto@kfc.com','kfc.com','Ivan Herrera','2020-02-20',530,'Activo'),
('20100000052','Pizza Hut SAC','Pizza Hut','Av Universitaria 5200','900000052','contacto@pizzahut.com','pizzahut.com','Natalia Vega','2020-02-21',410,'Activo'),
('20100000053','Dominos Pizza SAC','Dominos Pizza','Av San Luis 5300','900000053','contacto@dominos.com','dominos.com','Javier Ramos','2020-02-22',390,'Activo'),
('20100000054','Chinawok SAC','Chinawok','Av Canada 5400','900000054','contacto@chinawok.com','chinawok.com','Paola Silva','2020-02-23',360,'Activo'),
('20100000055','Pardos Chicken SAC','Pardos Chicken','Av Mexico 5500','900000055','contacto@pardos.com','pardos.com','Cristian Medina','2020-02-24',340,'Activo'),
('20100000056','Tambo SAC','Tambo','Av Peru 5600','900000056','contacto@tambo.com','tambo.com','Ruth Flores','2020-02-25',480,'Activo'),
('20100000057','Mass SAC','Mass','Av Colonial 5700','900000057','contacto@mass.com','mass.com','Eduardo Navarro','2020-02-26',460,'Activo'),
('20100000058','Aruma SAC','Aruma','Av Arequipa 5800','900000058','contacto@aruma.com','aruma.com','Milagros Leon','2020-02-27',250,'Activo'),
('20100000059','Inkacenter SAC','Inkacenter','Av Wilson 5900','900000059','contacto@inkacenter.com','inkacenter.com','Gustavo Ruiz','2020-02-28',200,'Activo'),
('20100000060','Tai Loy SAC','Tai Loy','Av Argentina 6000','900000060','contacto@tailoy.com','tailoy.com','Fiorella Mendoza','2020-02-29',410,'Activo'),
('20100000061','Hiraoka SAC','Hiraoka','Av Abancay 6100','900000061','contacto@hiraoka.com','hiraoka.com','Renzo Gutierrez','2020-03-01',320,'Activo'),
('20100000062','Carsa SAC','Carsa','Av Grau 6200','900000062','contacto@carsa.com','carsa.com','Mariela Torres','2020-03-02',210,'Activo'),
('20100000063','Curacao SAC','Curacao','Av Venezuela 6300','900000063','contacto@curacao.com','curacao.com','Alberto Poma','2020-03-03',280,'Activo'),
('20100000064','Efe SAC','Efe','Av Tomás Valle 6400','900000064','contacto@efe.com','efe.com','Carla Quispe','2020-03-04',300,'Activo'),
('20100000065','Topitop SAC','Topitop','Av Gamarra 6500','900000065','contacto@topitop.com','topitop.com','Mauricio Cueva','2020-03-05',520,'Activo'),
('20100000066','Exit SAC','Exit','Av Nicolas Arriola 6600','900000066','contacto@exit.com','exit.com','Claudia Paredes','2020-03-06',270,'Activo'),
('20100000067','Marathon SAC','Marathon','Av Guardia Civil 6700','900000067','contacto@marathon.com','marathon.com','Arturo Campos','2020-03-07',350,'Activo'),
('20100000068','Adidas Peru SAC','Adidas','Av Larco 6800','900000068','contacto@adidas.com','adidas.com','Melissa Soto','2020-03-08',490,'Activo'),
('20100000069','Nike Peru SAC','Nike','Av El Polo 6900','900000069','contacto@nike.com','nike.com','Sebastian Reyes','2020-03-09',530,'Activo'),
('20100000070','Puma Peru SAC','Puma','Av Primavera 7000','900000070','contacto@puma.com','puma.com','Valeria Diaz','2020-03-10',360,'Activo'),
('20100000071','Reebok Peru SAC','Reebok','Av San Borja 7100','900000071','contacto@reebok.com','reebok.com','Daniel Flores','2020-03-11',280,'Activo'),
('20100000072','Under Armour SAC','Under Armour','Av Aviacion 7200','900000072','contacto@underarmour.com','underarmour.com','Patricia Leon','2020-03-12',310,'Activo'),
('20100000073','Totus Technology SAC','Totus Tech','Av Javier Prado 7300','900000073','contacto@totustech.com','totustech.com','Kevin Salas','2020-03-13',220,'Activo'),
('20100000074','CompuPalace SAC','CompuPalace','Av Wilson 7400','900000074','contacto@compupalace.com','compupalace.com','Andrea Ruiz','2020-03-14',260,'Activo'),
('20100000075','Memory Kings SAC','Memory Kings','Av Garcilaso 7500','900000075','contacto@memorykings.com','memorykings.com','Jose Herrera','2020-03-15',240,'Activo'),
('20100000076','Deltron SAC','Deltron','Av Argentina 7600','900000076','contacto@deltron.com','deltron.com','Carmen Diaz','2020-03-16',410,'Activo'),
('20100000077','HP Peru SAC','HP Peru','Av La Molina 7700','900000077','contacto@hp.com','hp.com','Miguel Paredes','2020-03-17',520,'Activo'),
('20100000078','Lenovo Peru SAC','Lenovo','Av Benavides 7800','900000078','contacto@lenovo.com','lenovo.com','Rosa Vega','2020-03-18',470,'Activo'),
('20100000079','Dell Peru SAC','Dell','Av Arequipa 7900','900000079','contacto@dell.com','dell.com','Fernando Campos','2020-03-19',430,'Activo'),
('20100000080','Asus Peru SAC','Asus','Av Brasil 8000','900000080','contacto@asus.com','asus.com','Silvia Navarro','2020-03-20',390,'Activo'),
('20100000081','Acer Peru SAC','Acer','Av Colonial 8100','900000081','contacto@acer.com','acer.com','Raul Medina','2020-03-21',320,'Activo'),
('20100000082','Samsung Peru SAC','Samsung','Av Canada 8200','900000082','contacto@samsung.com','samsung.com','Monica Flores','2020-03-22',610,'Activo'),
('20100000083','LG Peru SAC','LG','Av Tacna 8300','900000083','contacto@lg.com','lg.com','Victor Ramos','2020-03-23',450,'Activo'),
('20100000084','Sony Peru SAC','Sony','Av Universitaria 8400','900000084','contacto@sony.com','sony.com','Pamela Gutierrez','2020-03-24',340,'Activo'),
('20100000085','Xiaomi Peru SAC','Xiaomi','Av Grau 8500','900000085','contacto@xiaomi.com','xiaomi.com','Diego Torres','2020-03-25',300,'Activo'),
('20100000086','Huawei Peru SAC','Huawei','Av Abancay 8600','900000086','contacto@huawei.com','huawei.com','Sandra Quispe','2020-03-26',410,'Activo'),
('20100000087','Apple Peru SAC','Apple','Av Larco 8700','900000087','contacto@apple.com','apple.com','Ricardo Silva','2020-03-27',550,'Activo'),
('20100000088','Intel Peru SAC','Intel','Av Primavera 8800','900000088','contacto@intel.com','intel.com','Lucia Castro','2020-03-28',490,'Activo'),
('20100000089','Oracle Peru SAC','Oracle','Av El Derby 8900','900000089','contacto@oracle.com','oracle.com','Martin Reyes','2020-03-29',380,'Activo'),
('20100000090','IBM Peru SAC','IBM','Av Javier Prado 9000','900000090','contacto@ibm.com','ibm.com','Teresa Campos','2020-03-30',620,'Activo'),
('20100000091','Microsoft Peru SAC','Microsoft','Av Rivera Navarrete 9100','900000091','contacto@microsoft.com','microsoft.com','Javier Ortega','2020-03-31',700,'Activo'),
('20100000092','Google Peru SAC','Google','Av San Isidro 9200','900000092','contacto@google.com','google.com','Melissa Chavez','2020-04-01',680,'Activo'),
('20100000093','Amazon Peru SAC','Amazon','Av Miraflores 9300','900000093','contacto@amazon.com','amazon.com','Eduardo Vega','2020-04-02',750,'Activo'),
('20100000094','Netflix Peru SAC','Netflix','Av Caminos del Inca 9400','900000094','contacto@netflix.com','netflix.com','Fiorella Rios','2020-04-03',280,'Activo'),
('20100000095','Spotify Peru SAC','Spotify','Av Angamos 9500','900000095','contacto@spotify.com','spotify.com','Oscar Leon','2020-04-04',240,'Activo'),
('20100000096','Rappi Peru SAC','Rappi','Av Petit Thouars 9600','900000096','contacto@rappi.com','rappi.com','Natalia Salazar','2020-04-05',520,'Activo'),
('20100000097','PedidosYa SAC','PedidosYa','Av Mexico 9700','900000097','contacto@pedidosya.com','pedidosya.com','Bruno Mendoza','2020-04-06',410,'Activo'),
('20100000098','Cabify Peru SAC','Cabify','Av Salaverry 9800','900000098','contacto@cabify.com','cabify.com','Paola Fuentes','2020-04-07',390,'Activo'),
('20100000099','Uber Peru SAC','Uber','Av Pershing 9900','900000099','contacto@uber.com','uber.com','Henry Torres','2020-04-08',450,'Activo'),
('20100000100','DiDi Peru SAC','DiDi','Av Arenales 10000','900000100','contacto@didi.com','didi.com','Karen Rojas','2020-04-09',340,'Activo'),
('20100000101','Latam Airlines SAC','Latam','Av Faucett 10100','900000101','contacto@latam.com','latam.com','Samuel Ponce','2020-04-10',860,'Activo'),
('20100000102','Sky Airlines SAC','Sky','Av Aeropuerto 10200','900000102','contacto@sky.com','sky.com','Carla Medina','2020-04-11',430,'Activo'),
('20100000103','Viva Air SAC','Viva Air','Av Morales Duarez 10300','900000103','contacto@vivaair.com','vivaair.com','Ivan Quispe','2020-04-12',390,'Activo'),
('20100000104','PeruRail SAC','PeruRail','Av Cusco 10400','900000104','contacto@perurail.com','perurail.com','Monica Paredes','2020-04-13',500,'Activo'),
('20100000105','Civa SAC','Civa','Av Javier Prado 10500','900000105','contacto@civa.com','civa.com','Renato Salinas','2020-04-14',310,'Activo'),
('20100000106','Oltursa SAC','Oltursa','Av Nicolas Ayllon 10600','900000106','contacto@oltursa.com','oltursa.com','Diana Vega','2020-04-15',290,'Activo'),
('20100000107','Tepsa SAC','Tepsa','Av Evitamiento 10700','900000107','contacto@tepsa.com','tepsa.com','Gustavo Rojas','2020-04-16',250,'Activo'),
('20100000108','Movil Bus SAC','Movil Bus','Av Canada 10800','900000108','contacto@movilbus.com','movilbus.com','Andrea Campos','2020-04-17',270,'Activo'),
('20100000109','Transportes Flores SAC','Flores','Av Grau 10900','900000109','contacto@flores.com','flores.com','Mauricio Diaz','2020-04-18',260,'Activo'),
('20100000110','Scharff SAC','Scharff','Av Industrial 11000','900000110','contacto@scharff.com','scharff.com','Claudia Herrera','2020-04-19',410,'Activo'),
('20100000111','Olva Courier SAC','Olva Courier','Av Argentina 11100','900000111','contacto@olva.com','olva.com','Kevin Navarro','2020-04-20',370,'Activo'),
('20100000112','Serpost SAC','Serpost','Av Tomas Valle 11200','900000112','contacto@serpost.com','serpost.com','Valeria Leon','2020-04-21',540,'Activo'),
('20100000113','DP World SAC','DP World','Av Callao 11300','900000113','contacto@dpworld.com','dpworld.com','Miguel Chavez','2020-04-22',690,'Activo'),
('20100000114','APM Terminals SAC','APM Terminals','Av Puerto 11400','900000114','contacto@apm.com','apm.com','Patricia Rios','2020-04-23',710,'Activo'),
('20100000115','Cosco Shipping SAC','Cosco Shipping','Av Marina 11500','900000115','contacto@cosco.com','cosco.com','Jorge Fuentes','2020-04-24',650,'Activo'),
('20100000116','Ferreyros SAC','Ferreyros','Av Industrial 11600','900000116','contacto@ferreyros.com','ferreyros.com','Lucia Mendoza','2020-04-25',880,'Activo'),
('20100000117','Komatsu Mitsui SAC','Komatsu','Av Minerales 11700','900000117','contacto@komatsu.com','komatsu.com','Pedro Salazar','2020-04-26',760,'Activo'),
('20100000118','Volvo Peru SAC','Volvo','Av La Encalada 11800','900000118','contacto@volvo.com','volvo.com','Sandra Leon','2020-04-27',520,'Activo'),
('20100000119','Toyota Peru SAC','Toyota','Av Canada 11900','900000119','contacto@toyota.com','toyota.com','Ricardo Medina','2020-04-28',610,'Activo'),
('20100000120','Nissan Peru SAC','Nissan','Av Javier Prado 12000','900000120','contacto@nissan.com','nissan.com','Pamela Torres','2020-04-29',490,'Activo'),
('20100000121','Kia Motors SAC','Kia','Av Benavides 12100','900000121','contacto@kia.com','kia.com','Oscar Navarro','2020-04-30',430,'Activo'),
('20100000122','Hyundai Peru SAC','Hyundai','Av Aviacion 12200','900000122','contacto@hyundai.com','hyundai.com','Natalia Campos','2020-05-01',450,'Activo'),
('20100000123','Chevrolet Peru SAC','Chevrolet','Av Faucett 12300','900000123','contacto@chevrolet.com','chevrolet.com','Bruno Flores','2020-05-02',470,'Activo'),
('20100000124','Mazda Peru SAC','Mazda','Av Pershing 12400','900000124','contacto@mazda.com','mazda.com','Paola Rojas','2020-05-03',390,'Activo'),
('20100000125','Suzuki Peru SAC','Suzuki','Av Colonial 12500','900000125','contacto@suzuki.com','suzuki.com','Henry Diaz','2020-05-04',360,'Activo'),
('20100000126','Subaru Peru SAC','Subaru','Av Angamos 12600','900000126','contacto@subaru.com','subaru.com','Andrea Silva','2020-05-05',340,'Activo'),
('20100000127','Peugeot Peru SAC','Peugeot','Av Arequipa 12700','900000127','contacto@peugeot.com','peugeot.com','Javier Medina','2020-05-06',310,'Activo'),
('20100000128','Renault Peru SAC','Renault','Av Mexico 12800','900000128','contacto@renault.com','renault.com','Melissa Herrera','2020-05-07',300,'Activo'),
('20100000129','Volkswagen Peru SAC','Volkswagen','Av Primavera 12900','900000129','contacto@volkswagen.com','volkswagen.com','Samuel Vega','2020-05-08',550,'Activo'),
('20100000130','Audi Peru SAC','Audi','Av El Polo 13000','900000130','contacto@audi.com','audi.com','Carla Torres','2020-05-09',420,'Activo'),
('20100000131','BMW Peru SAC','BMW','Av La Molina 13100','900000131','contacto@bmw.com','bmw.com','Ivan Salinas','2020-05-10',480,'Activo'),
('20100000132','Mercedes Benz SAC','Mercedes Benz','Av Javier Prado 13200','900000132','contacto@mercedes.com','mercedes.com','Monica Diaz','2020-05-11',620,'Activo'),
('20100000133','Lexus Peru SAC','Lexus','Av San Borja 13300','900000133','contacto@lexus.com','lexus.com','Renzo Flores','2020-05-12',370,'Activo'),
('20100000134','Chery Peru SAC','Chery','Av Tomas Marsano 13400','900000134','contacto@chery.com','chery.com','Diana Navarro','2020-05-13',290,'Activo'),
('20100000135','JAC Motors SAC','JAC Motors','Av Universitaria 13500','900000135','contacto@jac.com','jac.com','Gustavo Leon','2020-05-14',310,'Activo'),
('20100000136','Inkia Energy SAC','Inkia Energy','Av Republica de Panama 13600','900000136','contacto@inkia.com','inkia.com','Claudia Reyes','2020-05-15',640,'Activo'),
('20100000137','Engie Energia SAC','Engie','Av Rivera Navarrete 13700','900000137','contacto@engie.com','engie.com','Kevin Campos','2020-05-16',590,'Activo'),
('20100000138','Enel Peru SAC','Enel','Av San Isidro 13800','900000138','contacto@enel.com','enel.com','Valeria Mendoza','2020-05-17',720,'Activo'),
('20100000139','Luz del Sur SAC','Luz del Sur','Av Surco 13900','900000139','contacto@luzdelsur.com','luzdelsur.com','Miguel Torres','2020-05-18',810,'Activo'),
('20100000140','Electro Peru SAC','Electro Peru','Av Central 14000','900000140','contacto@electroperu.com','electroperu.com','Patricia Salazar','2020-05-19',680,'Activo'),
('20100000141','Sedapal SAC','Sedapal','Av Agua 14100','900000141','contacto@sedapal.com','sedapal.com','Jorge Mendoza','2020-05-20',950,'Activo'),
('20100000142','Aguas Andinas SAC','Aguas Andinas','Av Los Ingenieros 14200','900000142','contacto@aguasandinas.com','aguasandinas.com','Lucia Vega','2020-05-21',430,'Activo'),
('20100000143','Constructora Graña SAC','Graña y Montero','Av Constructores 14300','900000143','contacto@grana.com','grana.com','Ricardo Campos','2020-05-22',870,'Activo'),
('20100000144','Besco SAC','Besco','Av San Felipe 14400','900000144','contacto@besco.com','besco.com','Pamela Torres','2020-05-23',520,'Activo'),
('20100000145','Los Portales SAC','Los Portales','Av Primavera 14500','900000145','contacto@losportales.com','losportales.com','Fernando Diaz','2020-05-24',610,'Activo'),
('20100000146','Centenario SAC','Centenario','Av El Derby 14600','900000146','contacto@centenario.com','centenario.com','Monica Flores','2020-05-25',490,'Activo'),
('20100000147','Inmobiliaria Paz SAC','Paz Centenario','Av Javier Prado 14700','900000147','contacto@paz.com','paz.com','Kevin Salazar','2020-05-26',380,'Activo'),
('20100000148','Viva GyM SAC','Viva GyM','Av La Molina 14800','900000148','contacto@vivagym.com','vivagym.com','Sandra Herrera','2020-05-27',420,'Activo'),
('20100000149','Cementos Sol SAC','Cementos Sol','Av Industrial 14900','900000149','contacto@cementossol.com','cementossol.com','Oscar Leon','2020-05-28',560,'Activo'),
('20100000150','Aceros Arequipa SAC','Aceros Arequipa','Av Metalurgia 15000','900000150','contacto@aceros.com','aceros.com','Patricia Navarro','2020-05-29',740,'Activo'),
('20100000151','Siderperu SAC','Siderperu','Av Chimbote 15100','900000151','contacto@siderperu.com','siderperu.com','Martin Reyes','2020-05-30',690,'Activo'),
('20100000152','Antamina SAC','Antamina','Av Mineria 15200','900000152','contacto@antamina.com','antamina.com','Daniel Quispe','2020-05-31',980,'Activo'),
('20100000153','Cerro Verde SAC','Cerro Verde','Av Arequipa 15300','900000153','contacto@cerroverde.com','cerroverde.com','Melissa Paredes','2020-06-01',910,'Activo'),
('20100000154','Southern Peru SAC','Southern Peru','Av Tacna 15400','900000154','contacto@southern.com','southern.com','Ivan Mendoza','2020-06-02',870,'Activo'),
('20100000155','Las Bambas SAC','Las Bambas','Av Cusco 15500','900000155','contacto@lasbambas.com','lasbambas.com','Carla Torres','2020-06-03',960,'Activo'),
('20100000156','Buenaventura SAC','Buenaventura','Av Lima 15600','900000156','contacto@buenaventura.com','buenaventura.com','Renzo Diaz','2020-06-04',790,'Activo'),
('20100000157','Minsur SAC','Minsur','Av Surco 15700','900000157','contacto@minsur.com','minsur.com','Diana Vega','2020-06-05',720,'Activo'),
('20100000158','Volcan SAC','Volcan','Av Callao 15800','900000158','contacto@volcan.com','volcan.com','Bruno Silva','2020-06-06',680,'Activo'),
('20100000159','Yanacocha SAC','Yanacocha','Av Cajamarca 15900','900000159','contacto@yanacocha.com','yanacocha.com','Andrea Campos','2020-06-07',890,'Activo'),
('20100000160','Nexa Resources SAC','Nexa','Av Minerales 16000','900000160','contacto@nexa.com','nexa.com','Mauricio Flores','2020-06-08',760,'Activo'),
('20100000161','Clinica San Pablo SAC','Clinica San Pablo','Av Brasil 16100','900000161','contacto@sanpablo.com','sanpablo.com','Claudia Leon','2020-06-09',640,'Activo'),
('20100000162','Clinica Ricardo Palma SAC','Ricardo Palma','Av Javier Prado 16200','900000162','contacto@ricardopalma.com','ricardopalma.com','Kevin Herrera','2020-06-10',590,'Activo'),
('20100000163','Clinica Internacional SAC','Clinica Internacional','Av Guardia Civil 16300','900000163','contacto@internacional.com','internacional.com','Valeria Rojas','2020-06-11',710,'Activo'),
('20100000164','Clinica Delgado SAC','Clinica Delgado','Av Angamos 16400','900000164','contacto@delgado.com','delgado.com','Miguel Medina','2020-06-12',520,'Activo'),
('20100000165','Essalud SAC','Essalud','Av Salaverry 16500','900000165','contacto@essalud.com','essalud.com','Patricia Campos','2020-06-13',1200,'Activo'),
('20100000166','Minsa SAC','Ministerio Salud','Av Arequipa 16600','900000166','contacto@minsa.com','minsa.com','Javier Salinas','2020-06-14',1400,'Activo'),
('20100000167','Rimac Seguros SAC','Rimac','Av Paseo Republica 16700','900000167','contacto@rimac.com','rimac.com','Natalia Vega','2020-06-15',830,'Activo'),
('20100000168','Pacífico Seguros SAC','Pacifico','Av Canaval 16800','900000168','contacto@pacifico.com','pacifico.com','Henry Navarro','2020-06-16',760,'Activo'),
('20100000169','Mapfre Peru SAC','Mapfre','Av Rivera Navarrete 16900','900000169','contacto@mapfre.com','mapfre.com','Paola Flores','2020-06-17',690,'Activo'),
('20100000170','La Positiva SAC','La Positiva','Av San Isidro 17000','900000170','contacto@lapositiva.com','lapositiva.com','Samuel Reyes','2020-06-18',610,'Activo'),
('20100000171','UPC SAC','UPC','Av Monterrico 17100','900000171','contacto@upc.com','upc.com','Andrea Mendoza','2020-06-19',980,'Activo'),
('20100000172','UTP SAC','UTP','Av Petit Thouars 17200','900000172','contacto@utp.com','utp.com','Daniel Campos','2020-06-20',870,'Activo'),
('20100000173','UCV SAC','UCV','Av Los Olivos 17300','900000173','contacto@ucv.com','ucv.com','Melissa Herrera','2020-06-21',920,'Activo'),
('20100000174','USMP SAC','USMP','Av La Fontana 17400','900000174','contacto@usmp.com','usmp.com','Ivan Leon','2020-06-22',760,'Activo'),
('20100000175','PUCP SAC','PUCP','Av Universitaria 17500','900000175','contacto@pucp.com','pucp.com','Carla Medina','2020-06-23',1300,'Activo'),
('20100000176','Universidad Lima SAC','Universidad Lima','Av Javier Prado 17600','900000176','contacto@ulima.com','ulima.com','Renzo Salazar','2020-06-24',950,'Activo'),
('20100000177','UTEC SAC','UTEC','Av Barranco 17700','900000177','contacto@utec.com','utec.com','Diana Torres','2020-06-25',540,'Activo'),
('20100000178','Continental SAC','Universidad Continental','Av Huancayo 17800','900000178','contacto@continental.com','continental.com','Bruno Vega','2020-06-26',680,'Activo'),
('20100000179','Norbert Wiener SAC','Wiener','Av Arequipa 17900','900000179','contacto@wiener.com','wiener.com','Andrea Silva','2020-06-27',620,'Activo'),
('20100000180','Autonoma SAC','Universidad Autonoma','Av Villa El Salvador 18000','900000180','contacto@autonoma.com','autonoma.com','Mauricio Herrera','2020-06-28',510,'Activo'),
('20100000181','Cibertec SAC','Cibertec','Av Wilson 18100','900000181','contacto@cibertec.com','cibertec.com','Claudia Diaz','2020-06-29',430,'Activo'),
('20100000182','Senati SAC','Senati','Av Independencia 18200','900000182','contacto@senati.com','senati.com','Kevin Reyes','2020-06-30',990,'Activo'),
('20100000183','Sencico SAC','Sencico','Av Constructores 18300','900000183','contacto@sencico.com','sencico.com','Valeria Navarro','2020-07-01',610,'Activo'),
('20100000184','Idat SAC','IDAT','Av Petit Thouars 18400','900000184','contacto@idat.com','idat.com','Miguel Flores','2020-07-02',470,'Activo'),
('20100000185','Zegel IPAE SAC','Zegel IPAE','Av Salaverry 18500','900000185','contacto@zegel.com','zegel.com','Patricia Leon','2020-07-03',420,'Activo'),
('20100000186','Certus SAC','Certus','Av Javier Prado 18600','900000186','contacto@certus.com','certus.com','Javier Mendoza','2020-07-04',380,'Activo'),
('20100000187','Toulouse Lautrec SAC','Toulouse','Av Primavera 18700','900000187','contacto@toulouse.com','toulouse.com','Natalia Campos','2020-07-05',310,'Activo'),
('20100000188','Britanico SAC','Britanico','Av Arequipa 18800','900000188','contacto@britanico.com','britanico.com','Henry Torres','2020-07-06',290,'Activo'),
('20100000189','ICPNA SAC','ICPNA','Av Angamos 18900','900000189','contacto@icpna.com','icpna.com','Paola Vega','2020-07-07',340,'Activo'),
('20100000190','Euroidiomas SAC','Euroidiomas','Av Benavides 19000','900000190','contacto@euroidiomas.com','euroidiomas.com','Samuel Medina','2020-07-08',260,'Activo'),
('20100000191','Smart Fit SAC','Smart Fit','Av Aviacion 19100','900000191','contacto@smartfit.com','smartfit.com','Andrea Rojas','2020-07-09',550,'Activo'),
('20100000192','Bodytech SAC','Bodytech','Av La Molina 19200','900000192','contacto@bodytech.com','bodytech.com','Daniel Vega','2020-07-10',470,'Activo'),
('20100000193','Gold Gym SAC','Gold Gym','Av Brasil 19300','900000193','contacto@goldgym.com','goldgym.com','Melissa Campos','2020-07-11',420,'Activo'),
('20100000194','Power Gym SAC','Power Gym','Av Colonial 19400','900000194','contacto@powergym.com','powergym.com','Ivan Flores','2020-07-12',310,'Activo'),
('20100000195','Inkas Gym SAC','Inkas Gym','Av Mexico 19500','900000195','contacto@inkasgym.com','inkasgym.com','Carla Herrera','2020-07-13',280,'Activo'),
('20100000196','Rústica SAC','Rustica','Av Marina 19600','900000196','contacto@rustica.com','rustica.com','Renzo Navarro','2020-07-14',360,'Activo'),
('20100000197','El Hornero SAC','El Hornero','Av Javier Prado 19700','900000197','contacto@elhornero.com','elhornero.com','Diana Medina','2020-07-15',290,'Activo'),
('20100000198','Segundo Muelle SAC','Segundo Muelle','Av Larco 19800','900000198','contacto@segundomuelle.com','segundomuelle.com','Bruno Salazar','2020-07-16',340,'Activo'),
('20100000199','La Lucha SAC','La Lucha','Av Miraflores 19900','900000199','contacto@lalucha.com','lalucha.com','Andrea Diaz','2020-07-17',270,'Activo'),
('20100000200','Madam Tusan SAC','Madam Tusan','Av Primavera 20000','900000200','contacto@madamtusan.com','madamtusan.com','Mauricio Vega','2020-07-18',410,'Activo'),
('20100000201','Pikalo SAC','Pikalo','Av Universitaria 20100','900000201','contacto@pikalo.com','pikalo.com','Claudia Torres','2020-07-19',260,'Activo'),
('20100000202','Don Belisario SAC','Don Belisario','Av San Borja 20200','900000202','contacto@donbelisario.com','donbelisario.com','Kevin Medina','2020-07-20',380,'Activo'),
('20100000203','La Nacional SAC','La Nacional','Av Surco 20300','900000203','contacto@lanacional.com','lanacional.com','Valeria Flores','2020-07-21',240,'Activo'),
('20100000204','Popeyes Peru SAC','Popeyes','Av Pershing 20400','900000204','contacto@popeyes.com','popeyes.com','Miguel Navarro','2020-07-22',420,'Activo'),
('20100000205','Burger King SAC','Burger King','Av Canada 20500','900000205','contacto@burgerking.com','burgerking.com','Patricia Herrera','2020-07-23',450,'Activo'),
('20100000206','Starbucks Peru SAC','Starbucks','Av Larco 20600','900000206','contacto@starbucks.com','starbucks.com','Javier Campos','2020-07-24',390,'Activo'),
('20100000207','Dunkin Donuts SAC','Dunkin Donuts','Av Primavera 20700','900000207','contacto@dunkin.com','dunkin.com','Natalia Leon','2020-07-25',310,'Activo'),
('20100000208','Juan Valdez SAC','Juan Valdez','Av Benavides 20800','900000208','contacto@juanvaldez.com','juanvaldez.com','Henry Mendoza','2020-07-26',280,'Activo'),
('20100000209','Cafe Britt SAC','Cafe Britt','Av Arequipa 20900','900000209','contacto@cafebritt.com','cafebritt.com','Paola Reyes','2020-07-27',240,'Activo'),
('20100000210','Glovo Peru SAC','Glovo','Av Javier Prado 21000','900000210','contacto@glovo.com','glovo.com','Samuel Silva','2020-07-28',430,'Activo'),
('20100000211','Linio Peru SAC','Linio','Av Arenales 21100','900000211','contacto@linio.com','linio.com','Andrea Campos','2020-07-29',520,'Activo'),
('20100000212','Mercado Libre SAC','Mercado Libre','Av El Derby 21200','900000212','contacto@mercadolibre.com','mercadolibre.com','Daniel Torres','2020-07-30',710,'Activo'),
('20100000213','OLX Peru SAC','OLX','Av Salaverry 21300','900000213','contacto@olx.com','olx.com','Melissa Navarro','2020-07-31',310,'Activo'),
('20100000214','Platanitos SAC','Platanitos','Av Gamarra 21400','900000214','contacto@platanitos.com','platanitos.com','Ivan Herrera','2020-08-01',420,'Activo'),
('20100000215','Coolbox SAC','Coolbox','Av Canada 21500','900000215','contacto@coolbox.com','coolbox.com','Carla Vega','2020-08-02',390,'Activo'),
('20100000216','iShop SAC','iShop','Av Angamos 21600','900000216','contacto@ishop.com','ishop.com','Renzo Diaz','2020-08-03',340,'Activo'),
('20100000217','MaxiAhorro SAC','MaxiAhorro','Av Los Olivos 21700','900000217','contacto@maxiahorro.com','maxiahorro.com','Diana Campos','2020-08-04',280,'Activo'),
('20100000218','Mayorsa SAC','Mayorsa','Av Trapiche 21800','900000218','contacto@mayorsa.com','mayorsa.com','Bruno Flores','2020-08-05',350,'Activo'),
('20100000219','Vega Mayorista SAC','Vega Mayorista','Av Argentina 21900','900000219','contacto@vega.com','vega.com','Andrea Leon','2020-08-06',430,'Activo'),
('20100000220','Price One SAC','Price One','Av Colonial 22000','900000220','contacto@priceone.com','priceone.com','Mauricio Navarro','2020-08-07',260,'Activo'),
('20100000221','CasaIdeas SAC','CasaIdeas','Av Primavera 22100','900000221','contacto@casaideas.com','casaideas.com','Claudia Vega','2020-08-08',370,'Activo'),
('20100000222','Miniso Peru SAC','Miniso','Av Benavides 22200','900000222','contacto@miniso.com','miniso.com','Kevin Medina','2020-08-09',320,'Activo'),
('20100000223','Mumuso SAC','Mumuso','Av Brasil 22300','900000223','contacto@mumuso.com','mumuso.com','Valeria Torres','2020-08-10',290,'Activo'),
('20100000224','H&M Peru SAC','H&M','Av Larco 22400','900000224','contacto@hm.com','hm.com','Miguel Flores','2020-08-11',540,'Activo'),
('20100000225','Zara Peru SAC','Zara','Av Jockey Plaza 22500','900000225','contacto@zara.com','zara.com','Patricia Reyes','2020-08-12',610,'Activo'),
('20100000226','Forever 21 SAC','Forever 21','Av Angamos 22600','900000226','contacto@forever21.com','forever21.com','Javier Silva','2020-08-13',430,'Activo'),
('20100000227','Mango Peru SAC','Mango','Av Primavera 22700','900000227','contacto@mango.com','mango.com','Natalia Campos','2020-08-14',350,'Activo'),
('20100000228','Colloky SAC','Colloky','Av La Molina 22800','900000228','contacto@colloky.com','colloky.com','Henry Navarro','2020-08-15',240,'Activo'),
('20100000229','Baby Infanti SAC','Baby Infanti','Av San Miguel 22900','900000229','contacto@babyinfanti.com','babyinfanti.com','Paola Leon','2020-08-16',260,'Activo'),
('20100000230','OECHSLE Hogar SAC','OECHSLE Hogar','Av Javier Prado 23000','900000230','contacto@oechslehogar.com','oechslehogar.com','Samuel Vega','2020-08-17',380,'Activo'),
('20100000231','Pandero SAC','Pandero','Av Rivera Navarrete 23100','900000231','contacto@pandero.com','pandero.com','Andrea Herrera','2020-08-18',450,'Activo'),
('20100000232','Interseguro SAC','Interseguro','Av Canaval 23200','900000232','contacto@interseguro.com','interseguro.com','Daniel Salazar','2020-08-19',520,'Activo'),
('20100000233','Protecta SAC','Protecta','Av San Isidro 23300','900000233','contacto@protecta.com','protecta.com','Melissa Medina','2020-08-20',310,'Activo'),
('20100000234','AFP Integra SAC','AFP Integra','Av Javier Prado 23400','900000234','contacto@integra.com','integra.com','Ivan Campos','2020-08-21',690,'Activo'),
('20100000235','Prima AFP SAC','Prima AFP','Av El Derby 23500','900000235','contacto@prima.com','prima.com','Carla Flores','2020-08-22',640,'Activo'),
('20100000236','Profuturo AFP SAC','Profuturo','Av Republica Panama 23600','900000236','contacto@profuturo.com','profuturo.com','Renzo Torres','2020-08-23',590,'Activo'),
('20100000237','Habitat AFP SAC','Habitat','Av Salaverry 23700','900000237','contacto@habitat.com','habitat.com','Diana Reyes','2020-08-24',540,'Activo'),
('20100000238','Sunarp SAC','SUNARP','Av Abancay 23800','900000238','contacto@sunarp.com','sunarp.com','Bruno Vega','2020-08-25',720,'Activo'),
('20100000239','Sunat SAC','SUNAT','Av Garcilaso 23900','900000239','contacto@sunat.com','sunat.com','Andrea Navarro','2020-08-26',1100,'Activo'),
('20100000240','Reniec SAC','RENIEC','Av Bolivia 24000','900000240','contacto@reniec.com','reniec.com','Mauricio Silva','2020-08-27',830,'Activo'),
('20100000241','Indecopi SAC','INDECOPI','Av Del Aire 24100','900000241','contacto@indecopi.com','indecopi.com','Claudia Campos','2020-08-28',610,'Activo'),
('20100000242','Osiptel SAC','OSIPTEL','Av Arequipa 24200','900000242','contacto@osiptel.com','osiptel.com','Kevin Vega','2020-08-29',430,'Activo'),
('20100000243','Osinergmin SAC','OSINERGMIN','Av Canada 24300','900000243','contacto@osinergmin.com','osinergmin.com','Valeria Leon','2020-08-30',520,'Activo'),
('20100000244','Sutran SAC','SUTRAN','Av Nicolas Ayllon 24400','900000244','contacto@sutran.com','sutran.com','Miguel Herrera','2020-08-31',390,'Activo'),
('20100000245','MTC SAC','Ministerio Transportes','Av Zorritos 24500','900000245','contacto@mtc.com','mtc.com','Patricia Diaz','2020-09-01',1300,'Activo'),
('20100000246','Produce SAC','Ministerio Produce','Av La Marina 24600','900000246','contacto@produce.com','produce.com','Javier Mendoza','2020-09-02',890,'Activo'),
('20100000247','Minedu SAC','Ministerio Educacion','Av Comercio 24700','900000247','contacto@minedu.com','minedu.com','Natalia Salinas','2020-09-03',1500,'Activo'),
('20100000248','Midis SAC','MIDIS','Av Paseo Colon 24800','900000248','contacto@midis.com','midis.com','Henry Torres','2020-09-04',640,'Activo'),
('20100000249','Poder Judicial SAC','Poder Judicial','Av Nicolas de Pierola 24900','900000249','contacto@pj.com','pj.com','Paola Medina','2020-09-05',980,'Activo'),
('20100000250','Ministerio Publico SAC','Ministerio Publico','Av Abancay 25000','900000250','contacto@mp.com','mp.com','Samuel Campos','2020-09-06',870,'Activo'),
('20100000251','Banco de la Nacion SAC','Banco Nacion','Av Javier Prado 25100','900000251','contacto@bn.com','bn.com','Andrea Flores','2020-09-07',760,'Activo'),
('20100000252','Agrobanco SAC','Agrobanco','Av Agricultura 25200','900000252','contacto@agrobanco.com','agrobanco.com','Daniel Vega','2020-09-08',390,'Activo'),
('20100000253','Cofide SAC','COFIDE','Av San Isidro 25300','900000253','contacto@cofide.com','cofide.com','Melissa Navarro','2020-09-09',450,'Activo'),
('20100000254','Caja Trujillo SAC','Caja Trujillo','Av Trujillo 25400','900000254','contacto@cajatrujillo.com','cajatrujillo.com','Ivan Leon','2020-09-10',340,'Activo'),
('20100000255','Caja Sullana SAC','Caja Sullana','Av Piura 25500','900000255','contacto@cajasullana.com','cajasullana.com','Carla Reyes','2020-09-11',320,'Activo'),
('20100000256','Caja Tacna SAC','Caja Tacna','Av Tacna 25600','900000256','contacto@cajatacna.com','cajatacna.com','Renzo Medina','2020-09-12',280,'Activo'),
('20100000257','Caja Cusco SAC','Caja Cusco','Av Cusco 25700','900000257','contacto@cajacusco.com','cajacusco.com','Diana Campos','2020-09-13',310,'Activo'),
('20100000258','Caja Ica SAC','Caja Ica','Av Ica 25800','900000258','contacto@cajaica.com','cajaica.com','Bruno Flores','2020-09-14',290,'Activo'),
('20100000259','Bitel Business SAC','Bitel Business','Av Wilson 25900','900000259','contacto@bitelbusiness.com','bitelbusiness.com','Andrea Vega','2020-09-15',430,'Activo'),
('20100000260','Claro Empresas SAC','Claro Empresas','Av Benavides 26000','900000260','contacto@claroempresas.com','claroempresas.com','Mauricio Herrera','2020-09-16',610,'Activo'),
('20100000261','Movistar Empresas SAC','Movistar Empresas','Av Arequipa 26100','900000261','contacto@movistarempresas.com','movistarempresas.com','Claudia Diaz','2020-09-17',720,'Activo'),
('20100000262','Entel Empresas SAC','Entel Empresas','Av Javier Prado 26200','900000262','contacto@entelempresas.com','entelempresas.com','Kevin Torres','2020-09-18',580,'Activo'),
('20100000263','Win Internet SAC','Win Internet','Av La Molina 26300','900000263','contacto@win.com','win.com','Valeria Mendoza','2020-09-19',350,'Activo'),
('20100000264','Nubyx SAC','Nubyx','Av Colonial 26400','900000264','contacto@nubyx.com','nubyx.com','Miguel Silva','2020-09-20',260,'Activo'),
('20100000265','Fiberlux SAC','Fiberlux','Av Tomas Valle 26500','900000265','contacto@fiberlux.com','fiberlux.com','Patricia Navarro','2020-09-21',390,'Activo'),
('20100000266','Optical Networks SAC','Optical Networks','Av Pershing 26600','900000266','contacto@on.com','on.com','Javier Vega','2020-09-22',310,'Activo'),
('20100000267','Bitel Hogar SAC','Bitel Hogar','Av Brasil 26700','900000267','contacto@bitelhogar.com','bitelhogar.com','Natalia Flores','2020-09-23',270,'Activo'),
('20100000268','Cálidda SAC','Calidda','Av Gas Natural 26800','900000268','contacto@calidda.com','calidda.com','Henry Campos','2020-09-24',830,'Activo'),
('20100000269','Petroamerica SAC','Petroamerica','Av Energia 26900','900000269','contacto@petroamerica.com','petroamerica.com','Paola Diaz','2020-09-25',490,'Activo'),
('20100000270','Repsol Peru SAC','Repsol','Av Aviacion 27000','900000270','contacto@repsol.com','repsol.com','Samuel Navarro','2020-09-26',720,'Activo'),
('20100000271','Pecsa SAC','PECSA','Av Industrial 27100','900000271','contacto@pecsa.com','pecsa.com','Andrea Medina','2020-09-27',430,'Activo'),
('20100000272','Terpel Peru SAC','Terpel','Av Faucett 27200','900000272','contacto@terpel.com','terpel.com','Daniel Reyes','2020-09-28',410,'Activo'),
('20100000273','Vivanda SAC','Vivanda','Av Primavera 27300','900000273','contacto@vivanda.com','vivanda.com','Melissa Herrera','2020-09-29',360,'Activo'),
('20100000274','Makita Peru SAC','Makita','Av Canada 27400','900000274','contacto@makita.com','makita.com','Ivan Campos','2020-09-30',280,'Activo'),
('20100000275','Bosch Peru SAC','Bosch','Av Colonial 27500','900000275','contacto@bosch.com','bosch.com','Carla Vega','2020-10-01',520,'Activo'),
('20100000276','3M Peru SAC','3M','Av Argentina 27600','900000276','contacto@3m.com','3m.com','Renzo Flores','2020-10-02',610,'Activo'),
('20100000277','Nestle Peru SAC','Nestle','Av Los Frutales 27700','900000277','contacto@nestle.com','nestle.com','Diana Torres','2020-10-03',840,'Activo'),
('20100000278','Mondelez Peru SAC','Mondelez','Av Santa Anita 27800','900000278','contacto@mondelez.com','mondelez.com','Bruno Medina','2020-10-04',730,'Activo'),
('20100000279','Molitalia SAC','Molitalia','Av Ate 27900','900000279','contacto@molitalia.com','molitalia.com','Andrea Salazar','2020-10-05',620,'Activo'),
('20100000280','Ajinomoto Peru SAC','Ajinomoto','Av Surquillo 28000','900000280','contacto@ajinomoto.com','ajinomoto.com','Mauricio Vega','2020-10-06',540,'Activo'),
('20100000281','Red Bull Peru SAC','Red Bull','Av El Derby 28100','900000281','contacto@redbull.com','redbull.com','Claudia Medina','2020-10-07',430,'Activo'),
('20100000282','PepsiCo Peru SAC','PepsiCo','Av Industrial 28200','900000282','contacto@pepsico.com','pepsico.com','Kevin Flores','2020-10-08',720,'Activo'),
('20100000283','Danper SAC','Danper','Av Trujillo 28300','900000283','contacto@danper.com','danper.com','Valeria Navarro','2020-10-09',810,'Activo'),
('20100000284','Camposol SAC','Camposol','Av Agroindustrial 28400','900000284','contacto@camposol.com','camposol.com','Miguel Vega','2020-10-10',930,'Activo'),
('20100000285','Viru SAC','Viru','Av Chao 28500','900000285','contacto@viru.com','viru.com','Patricia Herrera','2020-10-11',860,'Activo'),
('20100000286','Agrovision SAC','Agrovision','Av Ica 28600','900000286','contacto@agrovision.com','agrovision.com','Javier Campos','2020-10-12',780,'Activo'),
('20100000287','Talsa SAC','Talsa','Av Pisco 28700','900000287','contacto@talsa.com','talsa.com','Natalia Mendoza','2020-10-13',640,'Activo'),
('20100000288','Frusan SAC','Frusan','Av Chincha 28800','900000288','contacto@frusan.com','frusan.com','Henry Silva','2020-10-14',590,'Activo'),
('20100000289','Agrokasa SAC','Agrokasa','Av Cañete 28900','900000289','contacto@agrokasa.com','agrokasa.com','Paola Torres','2020-10-15',610,'Activo'),
('20100000290','Green Peru SAC','Green Peru','Av Eco 29000','900000290','contacto@greenperu.com','greenperu.com','Samuel Vega','2020-10-16',470,'Activo'),
('20100000291','Textil San Ramon SAC','Textil San Ramon','Av Gamarra 29100','900000291','contacto@sanramon.com','sanramon.com','Andrea Reyes','2020-10-17',550,'Activo'),
('20100000292','Creditex SAC','Creditex','Av Ate 29200','900000292','contacto@creditex.com','creditex.com','Daniel Medina','2020-10-18',490,'Activo'),
('20100000293','Textimax SAC','Textimax','Av Santa Anita 29300','900000293','contacto@textimax.com','textimax.com','Melissa Flores','2020-10-19',430,'Activo'),
('20100000294','Michell SAC','Michell','Av Arequipa 29400','900000294','contacto@michell.com','michell.com','Ivan Navarro','2020-10-20',380,'Activo'),
('20100000295','Incalpaca SAC','Incalpaca','Av Alpaca 29500','900000295','contacto@incalpaca.com','incalpaca.com','Carla Herrera','2020-10-21',420,'Activo'),
('20100000296','Textiles Camones SAC','Camones','Av Victoria 29600','900000296','contacto@camones.com','camones.com','Renzo Vega','2020-10-22',340,'Activo'),
('20100000297','Hidrandina SAC','Hidrandina','Av Energia Norte 29700','900000297','contacto@hidrandina.com','hidrandina.com','Diana Campos','2020-10-23',730,'Activo'),
('20100000298','Seal SAC','SEAL','Av Arequipa 29800','900000298','contacto@seal.com','seal.com','Bruno Torres','2020-10-24',520,'Activo'),
('20100000299','Electrocentro SAC','Electrocentro','Av Huancayo 29900','900000299','contacto@electrocentro.com','electrocentro.com','Andrea Diaz','2020-10-25',610,'Activo'),
('20100000300','Electronoroeste SAC','Electronoroeste','Av Piura 30000','900000300','contacto@electronoroeste.com','electronoroeste.com','Mauricio Medina','2020-10-26',570,'Activo'),
('20100000301','Electrosur SAC','Electrosur','Av Tacna 30100','900000301','contacto@electrosur.com','electrosur.com','Claudia Vega','2020-10-27',490,'Activo'),
('20100000302','Seal Gas SAC','Seal Gas','Av Sur 30200','900000302','contacto@sealgas.com','sealgas.com','Kevin Herrera','2020-10-28',360,'Activo'),
('20100000303','Atento Peru SAC','Atento','Av Call Center 30300','900000303','contacto@atento.com','atento.com','Valeria Campos','2020-10-29',1100,'Activo'),
('20100000304','Konecta Peru SAC','Konecta','Av Telecom 30400','900000304','contacto@konecta.com','konecta.com','Miguel Reyes','2020-10-30',980,'Activo'),
('20100000305','Teleperformance SAC','Teleperformance','Av Primavera 30500','900000305','contacto@teleperformance.com','teleperformance.com','Patricia Navarro','2020-10-31',920,'Activo'),
('20100000306','Sitel Peru SAC','Sitel','Av Colonial 30600','900000306','contacto@sitel.com','sitel.com','Javier Flores','2020-11-01',730,'Activo'),
('20100000307','Adecco Peru SAC','Adecco','Av Javier Prado 30700','900000307','contacto@adecco.com','adecco.com','Natalia Vega','2020-11-02',640,'Activo'),
('20100000308','Manpower Peru SAC','Manpower','Av San Isidro 30800','900000308','contacto@manpower.com','manpower.com','Henry Medina','2020-11-03',610,'Activo'),
('20100000309','Overall SAC','Overall','Av Canada 30900','900000309','contacto@overall.com','overall.com','Paola Campos','2020-11-04',580,'Activo'),
('20100000310','Tawa SAC','Tawa','Av Arequipa 31000','900000310','contacto@tawa.com','tawa.com','Samuel Herrera','2020-11-05',470,'Activo'),
('20100000311','Buro Group SAC','Buro Group','Av Pershing 31100','900000311','contacto@burogroup.com','burogroup.com','Andrea Torres','2020-11-06',390,'Activo'),
('20100000312','Los Andes SAC','Los Andes','Av Cusco 31200','900000312','contacto@losandes.com','losandes.com','Daniel Navarro','2020-11-07',540,'Activo'),
('20100000313','Andino SAC','Andino','Av Puno 31300','900000313','contacto@andino.com','andino.com','Melissa Diaz','2020-11-08',460,'Activo'),
('20100000314','Turismo Peru SAC','Turismo Peru','Av Turismo 31400','900000314','contacto@turismoperu.com','turismoperu.com','Ivan Vega','2020-11-09',310,'Activo'),
('20100000315','Viajes Falabella SAC','Viajes Falabella','Av Larco 31500','900000315','contacto@viajesfalabella.com','viajesfalabella.com','Carla Reyes','2020-11-10',420,'Activo'),
('20100000316','Costamar SAC','Costamar','Av Miraflores 31600','900000316','contacto@costamar.com','costamar.com','Renzo Flores','2020-11-11',370,'Activo'),
('20100000317','Despegar Peru SAC','Despegar','Av Benavides 31700','900000317','contacto@despegar.com','despegar.com','Diana Herrera','2020-11-12',450,'Activo'),
('20100000318','Inkaterra SAC','Inkaterra','Av Cusco 31800','900000318','contacto@inkaterra.com','inkaterra.com','Bruno Vega','2020-11-13',680,'Activo'),
('20100000319','Casa Andina SAC','Casa Andina','Av Hoteles 31900','900000319','contacto@casaandina.com','casaandina.com','Andrea Medina','2020-11-14',740,'Activo'),
('20100000320','Libertador SAC','Libertador','Av San Isidro 32000','900000320','contacto@libertador.com','libertador.com','Mauricio Campos','2020-11-15',620,'Activo'),
('20100000321','Belmond Peru SAC','Belmond','Av Machupicchu 32100','900000321','contacto@belmond.com','belmond.com','Claudia Torres','2020-11-16',890,'Activo'),
('20100000322','Marriott Peru SAC','Marriott','Av Larco 32200','900000322','contacto@marriott.com','marriott.com','Kevin Vega','2020-11-17',760,'Activo'),
('20100000323','Hilton Peru SAC','Hilton','Av Miraflores 32300','900000323','contacto@hilton.com','hilton.com','Valeria Flores','2020-11-18',710,'Activo'),
('20100000324','Novotel Peru SAC','Novotel','Av San Borja 32400','900000324','contacto@novotel.com','novotel.com','Miguel Navarro','2020-11-19',580,'Activo'),
('20100000325','Ibis Peru SAC','Ibis','Av Arequipa 32500','900000325','contacto@ibis.com','ibis.com','Patricia Silva','2020-11-20',520,'Activo'),
('20100000326','Costa del Sol SAC','Costa del Sol','Av Aeropuerto 32600','900000326','contacto@costadelsol.com','costadelsol.com','Javier Medina','2020-11-21',610,'Activo'),
('20100000327','Inkafarma Express SAC','Inkafarma Express','Av Grau 32700','900000327','contacto@inkafarmaexpress.com','inkafarmaexpress.com','Natalia Campos','2020-11-22',430,'Activo'),
('20100000328','Boticas Peru SAC','Boticas Peru','Av Brasil 32800','900000328','contacto@boticasperu.com','boticasperu.com','Henry Vega','2020-11-23',390,'Activo'),
('20100000329','Boticas Arcangel SAC','Arcangel','Av Mexico 32900','900000329','contacto@arcangel.com','arcangel.com','Paola Reyes','2020-11-24',340,'Activo'),
('20100000330','Farmacias Peruanas SAC','Farmacias Peruanas','Av Colonial 33000','900000330','contacto@farmaciasperuanas.com','farmaciasperuanas.com','Samuel Navarro','2020-11-25',950,'Activo'),
('20100000331','Laboratorios Roche SAC','Roche','Av Salud 33100','900000331','contacto@roche.com','roche.com','Andrea Flores','2020-11-26',720,'Activo'),
('20100000332','Pfizer Peru SAC','Pfizer','Av Medica 33200','900000332','contacto@pfizer.com','pfizer.com','Daniel Herrera','2020-11-27',810,'Activo'),
('20100000333','Bayer Peru SAC','Bayer','Av Alemania 33300','900000333','contacto@bayer.com','bayer.com','Melissa Vega','2020-11-28',690,'Activo'),
('20100000334','Abbott Peru SAC','Abbott','Av Cientifica 33400','900000334','contacto@abbott.com','abbott.com','Ivan Campos','2020-11-29',620,'Activo'),
('20100000335','Johnson Peru SAC','Johnson','Av Industrial 33500','900000335','contacto@johnson.com','johnson.com','Carla Medina','2020-11-30',710,'Activo'),
('20100000336','Medifarma SAC','Medifarma','Av Ate 33600','900000336','contacto@medifarma.com','medifarma.com','Renzo Silva','2020-12-01',830,'Activo'),
('20100000337','Hersil SAC','Hersil','Av Chorrillos 33700','900000337','contacto@hersil.com','hersil.com','Diana Navarro','2020-12-02',520,'Activo'),
('20100000338','Portugal SAC','Portugal','Av Lima 33800','900000338','contacto@portugal.com','portugal.com','Bruno Flores','2020-12-03',430,'Activo'),
('20100000339','Sanitas SAC','Sanitas','Av Salud Norte 33900','900000339','contacto@sanitas.com','sanitas.com','Andrea Vega','2020-12-04',390,'Activo'),
('20100000340','Quicorp SAC','Quicorp','Av Farmaceutica 34000','900000340','contacto@quicorp.com','quicorp.com','Mauricio Torres','2020-12-05',910,'Activo'),
('20100000341','Auna SAC','Auna','Av San Borja 34100','900000341','contacto@auna.com','auna.com','Claudia Reyes','2020-12-06',680,'Activo'),
('20100000342','Oncosalud SAC','Oncosalud','Av Primavera 34200','900000342','contacto@oncosalud.com','oncosalud.com','Kevin Diaz','2020-12-07',590,'Activo'),
('20100000343','Sanna SAC','SANNA','Av Guardia Civil 34300','900000343','contacto@sanna.com','sanna.com','Valeria Herrera','2020-12-08',640,'Activo'),
('20100000344','Clinica Stella Maris SAC','Stella Maris','Av Brasil 34400','900000344','contacto@stellamaris.com','stellamaris.com','Miguel Campos','2020-12-09',520,'Activo'),
('20100000345','Clinica San Felipe SAC','San Felipe','Av Gregorio Escobedo 34500','900000345','contacto@sanfelipe.com','sanfelipe.com','Patricia Vega','2020-12-10',610,'Activo'),
('20100000346','Clinica Javier Prado SAC','Javier Prado','Av Javier Prado 34600','900000346','contacto@javierprado.com','javierprado.com','Javier Flores','2020-12-11',480,'Activo'),
('20100000347','Clinica Vesalio SAC','Vesalio','Av San Borja 34700','900000347','contacto@vesalio.com','vesalio.com','Natalia Medina','2020-12-12',430,'Activo'),
('20100000348','Clinica Montefiori SAC','Montefiori','Av Chorrillos 34800','900000348','contacto@montefiori.com','montefiori.com','Henry Navarro','2020-12-13',390,'Activo'),
('20100000349','Laboratorio Roe SAC','Roe','Av Salud 34900','900000349','contacto@roe.com','roe.com','Paola Campos','2020-12-14',420,'Activo'),
('20100000350','Synlab Peru SAC','Synlab','Av Diagnostico 35000','900000350','contacto@synlab.com','synlab.com','Samuel Vega','2020-12-15',370,'Activo'),
('20100000351','Ferreycorp SAC','Ferreycorp','Av Industrial 35100','900000351','contacto@ferreycorp.com','ferreycorp.com','Andrea Torres','2020-12-16',1200,'Activo'),
('20100000352','Modasa SAC','Modasa','Av Argentina 35200','900000352','contacto@modasa.com','modasa.com','Daniel Vega','2020-12-17',840,'Activo'),
('20100000353','Komatsu Mitsui SAC','Komatsu Mitsui','Av Mineria 35300','900000353','contacto@komatsu.com','komatsu.com','Melissa Campos','2020-12-18',910,'Activo'),
('20100000354','Derco Peru SAC','Derco','Av Automotriz 35400','900000354','contacto@derco.com','derco.com','Ivan Medina','2020-12-19',730,'Activo'),
('20100000355','Toyota Peru SAC','Toyota','Av Javier Prado 35500','900000355','contacto@toyota.com','toyota.com','Carla Flores','2020-12-20',680,'Activo'),
('20100000356','Nissan Peru SAC','Nissan','Av Canada 35600','900000356','contacto@nissan.com','nissan.com','Renzo Herrera','2020-12-21',620,'Activo'),
('20100000357','Kia Motors SAC','Kia Motors','Av La Marina 35700','900000357','contacto@kia.com','kia.com','Diana Navarro','2020-12-22',590,'Activo'),
('20100000358','Hyundai Peru SAC','Hyundai','Av Colonial 35800','900000358','contacto@hyundai.com','hyundai.com','Bruno Vega','2020-12-23',610,'Activo'),
('20100000359','Volvo Peru SAC','Volvo','Av Faucett 35900','900000359','contacto@volvo.com','volvo.com','Andrea Diaz','2020-12-24',540,'Activo'),
('20100000360','Scania Peru SAC','Scania','Av Panamericana 36000','900000360','contacto@scania.com','scania.com','Mauricio Campos','2020-12-25',510,'Activo'),
('20100000361','Cruz del Sur SAC','Cruz del Sur','Av Javier Prado 36100','900000361','contacto@cruzdelsur.com','cruzdelsur.com','Claudia Medina','2020-12-26',770,'Activo'),
('20100000362','Oltursa SAC','Oltursa','Av Transporte 36200','900000362','contacto@oltursa.com','oltursa.com','Kevin Reyes','2020-12-27',430,'Activo'),
('20100000363','Movil Bus SAC','Movil Bus','Av Norte 36300','900000363','contacto@movilbus.com','movilbus.com','Valeria Flores','2020-12-28',390,'Activo'),
('20100000364','Peru Rail SAC','Peru Rail','Av Cusco 36400','900000364','contacto@perurail.com','perurail.com','Miguel Vega','2020-12-29',620,'Activo'),
('20100000365','Lima Airport SAC','Lima Airport','Av Aeropuerto 36500','900000365','contacto@lap.com','lap.com','Patricia Navarro','2020-12-30',980,'Activo'),
('20100000366','Latam Peru SAC','Latam','Av Aviacion 36600','900000366','contacto@latam.com','latam.com','Javier Torres','2020-12-31',1200,'Activo'),
('20100000367','Sky Airline SAC','Sky Airline','Av Callao 36700','900000367','contacto@sky.com','sky.com','Natalia Vega','2021-01-01',540,'Activo'),
('20100000368','JetSmart SAC','JetSmart','Av Faucett 36800','900000368','contacto@jetsmart.com','jetsmart.com','Henry Herrera','2021-01-02',470,'Activo'),
('20100000369','Ransa SAC','Ransa','Av Logistica 36900','900000369','contacto@ransa.com','ransa.com','Paola Medina','2021-01-03',860,'Activo'),
('20100000370','Dinet SAC','Dinet','Av Almacen 37000','900000370','contacto@dinet.com','dinet.com','Samuel Campos','2021-01-04',740,'Activo'),
('20100000371','Shalom SAC','Shalom','Av Encomiendas 37100','900000371','contacto@shalom.com','shalom.com','Andrea Flores','2021-01-05',430,'Activo'),
('20100000372','Olva Courier SAC','Olva Courier','Av Mensajeria 37200','900000372','contacto@olva.com','olva.com','Daniel Vega','2021-01-06',610,'Activo'),
('20100000373','Scharff SAC','Scharff','Av Surquillo 37300','900000373','contacto@scharff.com','scharff.com','Melissa Reyes','2021-01-07',520,'Activo'),
('20100000374','DP World SAC','DP World','Av Callao 37400','900000374','contacto@dpworld.com','dpworld.com','Ivan Silva','2021-01-08',950,'Activo'),
('20100000375','Apm Terminals SAC','APM Terminals','Av Puerto 37500','900000375','contacto@apm.com','apm.com','Carla Torres','2021-01-09',890,'Activo'),
('20100000376','Cosapi SAC','Cosapi','Av Ingenieria 37600','900000376','contacto@cosapi.com','cosapi.com','Renzo Campos','2021-01-10',970,'Activo'),
('20100000377','JJC Contratistas SAC','JJC Contratistas','Av Obras 37700','900000377','contacto@jjc.com','jjc.com','Diana Medina','2021-01-11',760,'Activo'),
('20100000378','Obrainsa SAC','Obrainsa','Av Constructora 37800','900000378','contacto@obrainsa.com','obrainsa.com','Bruno Herrera','2021-01-12',680,'Activo'),
('20100000379','San Martin SAC','San Martin','Av Minera 37900','900000379','contacto@sanmartin.com','sanmartin.com','Andrea Navarro','2021-01-13',830,'Activo'),
('20100000380','Unacem SAC','UNACEM','Av Cemento 38000','900000380','contacto@unacem.com','unacem.com','Mauricio Vega','2021-01-14',920,'Activo'),
('20100000381','Pacasmayo SAC','Pacasmayo','Av Norte 38100','900000381','contacto@pacasmayo.com','pacasmayo.com','Claudia Diaz','2021-01-15',740,'Activo'),
('20100000382','Mixercon SAC','Mixercon','Av Mezclas 38200','900000382','contacto@mixercon.com','mixercon.com','Kevin Campos','2021-01-16',610,'Activo'),
('20100000383','Cassinelli SAC','Cassinelli','Av Hogar 38300','900000383','contacto@cassinelli.com','cassinelli.com','Valeria Medina','2021-01-17',520,'Activo'),
('20100000384','Sodimac Constructor SAC','Sodimac Constructor','Av Maestros 38400','900000384','contacto@sodimacconstructor.com','sodimacconstructor.com','Miguel Flores','2021-01-18',840,'Activo'),
('20100000385','Promart Homecenter SAC','Promart','Av Hogar 38500','900000385','contacto@promart.com','promart.com','Patricia Vega','2021-01-19',790,'Activo'),
('20100000386','Maestro Peru SAC','Maestro','Av Colonial 38600','900000386','contacto@maestro.com','maestro.com','Javier Herrera','2021-01-20',620,'Activo'),
('20100000387','Inkia Energy SAC','Inkia Energy','Av Energia 38700','900000387','contacto@inkia.com','inkia.com','Natalia Torres','2021-01-21',580,'Activo'),
('20100000388','Kallpa Generacion SAC','Kallpa','Av Electricidad 38800','900000388','contacto@kallpa.com','kallpa.com','Henry Navarro','2021-01-22',710,'Activo'),
('20100000389','Engie Energia SAC','Engie','Av Central 38900','900000389','contacto@engie.com','engie.com','Paola Reyes','2021-01-23',760,'Activo'),
('20100000390','Enel Distribucion SAC','Enel','Av Luz 39000','900000390','contacto@enel.com','enel.com','Samuel Silva','2021-01-24',990,'Activo'),
('20100000391','Luz del Sur SAC','Luz del Sur','Av Energia Sur 39100','900000391','contacto@luzdelsur.com','luzdelsur.com','Andrea Medina','2021-01-25',1050,'Activo'),
('20100000392','Electro Peru SAC','Electro Peru','Av Hidroelectrica 39200','900000392','contacto@electroperu.com','electroperu.com','Daniel Campos','2021-01-26',880,'Activo'),
('20100000393','Backus SAC','Backus','Av Cerveza 39300','900000393','contacto@backus.com','backus.com','Melissa Vega','2021-01-27',1300,'Activo'),
('20100000394','AJE Group SAC','AJE Group','Av Bebidas 39400','900000394','contacto@aje.com','aje.com','Ivan Flores','2021-01-28',1150,'Activo'),
('20100000395','Gloria SAC','Gloria','Av Lacteos 39500','900000395','contacto@gloria.com','gloria.com','Carla Navarro','2021-01-29',980,'Activo'),
('20100000396','Laive SAC','Laive','Av Ganadera 39600','900000396','contacto@laive.com','laive.com','Renzo Diaz','2021-01-30',720,'Activo'),
('20100000397','San Fernando SAC','San Fernando','Av Avicola 39700','900000397','contacto@sanfernando.com','sanfernando.com','Diana Herrera','2021-01-31',1400,'Activo'),
('20100000398','Braedt SAC','Braedt','Av Embutidos 39800','900000398','contacto@braedt.com','braedt.com','Bruno Campos','2021-02-01',640,'Activo'),
('20100000399','Tottus Peru SAC','Tottus','Av Supermercados 39900','900000399','contacto@tottus.com','tottus.com','Andrea Vega','2021-02-02',1500,'Activo'),
('20100000400','Makro Peru SAC','Makro','Av Mayorista 40000','900000400','contacto@makro.com','makro.com','Mauricio Reyes','2021-02-03',1320,'Activo');

INSERT INTO sucursal(nomsuc,dist,ciu,tel,corr_cont,respsuc,codEmp)
VALUES
('Sucursal Centro Alicorp SAC','Lima Centro','Lima','900000001','centro.alicorp@empresa.com','Responsable Alicorp 1',1),
('Sucursal Norte Alicorp SAC','Los Olivos','Lima','900000002','norte.alicorp@empresa.com','Responsable Alicorp 2',1),
('Sucursal Centro Gloria SA','La Victoria','Lima','900000003','centro.gloria@empresa.com','Responsable Gloria 1',2),
('Sucursal Sur Gloria SA','San Juan de Miraflores','Lima','900000004','sur.gloria@empresa.com','Responsable Gloria 2',2),
('Sucursal Centro Backus SAC','Ate','Lima','900000005','centro.backus@empresa.com','Responsable Backus 1',3),
('Sucursal Este Backus SAC','Santa Anita','Lima','900000006','este.backus@empresa.com','Responsable Backus 2',3),
('Sucursal Centro Interbank SAC','San Isidro','Lima','900000007','centro.interbank@empresa.com','Responsable Interbank 1',4),
('Sucursal Norte Interbank SAC','Independencia','Lima','900000008','norte.interbank@empresa.com','Responsable Interbank 2',4),
('Sucursal Centro BCP SA','San Isidro','Lima','900000009','centro.bcp@empresa.com','Responsable BCP 1',5),
('Sucursal Sur BCP SA','Surco','Lima','900000010','sur.bcp@empresa.com','Responsable BCP 2',5),
('Sucursal Centro Scotiabank SAC','Miraflores','Lima','900000011','centro.scotiabank@empresa.com','Responsable Scotia 1',6),
('Sucursal Este Scotiabank SAC','Ate','Lima','900000012','este.scotiabank@empresa.com','Responsable Scotia 2',6),
('Sucursal Centro Saga Falabella SAC','Miraflores','Lima','900000013','centro.falabella@empresa.com','Responsable Saga 1',7),
('Sucursal Norte Saga Falabella SAC','Comas','Lima','900000014','norte.falabella@empresa.com','Responsable Saga 2',7),
('Sucursal Centro Ripley SAC','San Isidro','Lima','900000015','centro.ripley@empresa.com','Responsable Ripley 1',8),
('Sucursal Sur Ripley SAC','Surquillo','Lima','900000016','sur.ripley@empresa.com','Responsable Ripley 2',8),
('Sucursal Centro Oechsle SA','Centro de Lima','Lima','900000017','centro.oechsle@empresa.com','Responsable Oechsle 1',9),
('Sucursal Este Oechsle SA','Santa Anita','Lima','900000018','este.oechsle@empresa.com','Responsable Oechsle 2',9),
('Sucursal Centro Inkafarma SAC','Lima Centro','Lima','900000019','centro.inkafarma@empresa.com','Responsable Inkafarma 1',10),
('Sucursal Norte Inkafarma SAC','Los Olivos','Lima','900000020','norte.inkafarma@empresa.com','Responsable Inkafarma 2',10),
('Sucursal Centro Mifarma SAC','Miraflores','Lima','900000021','centro.mifarma@empresa.com','Responsable Mifarma 1',11),
('Sucursal Sur Mifarma SAC','Surco','Lima','900000022','sur.mifarma@empresa.com','Responsable Mifarma 2',11),
('Sucursal Centro Primax SAC','San Isidro','Lima','900000023','centro.primax@empresa.com','Responsable Primax 1',12),
('Sucursal Norte Primax SAC','Independencia','Lima','900000024','norte.primax@empresa.com','Responsable Primax 2',12),
('Sucursal Refinería Petroperu SA','Talara','Piura','900000025','refineria@petroperu.com','Responsable Petroperu 1',13),
('Sucursal Lima Petroperu SA','San Isidro','Lima','900000026','lima@petroperu.com','Responsable Petroperu 2',13),
('Sucursal Centro Movistar SAC','San Isidro','Lima','900000027','centro.movistar@empresa.com','Responsable Movistar 1',14),
('Sucursal Norte Movistar SAC','Los Olivos','Lima','900000028','norte.movistar@empresa.com','Responsable Movistar 2',14),
('Sucursal Centro Claro Peru SAC','Miraflores','Lima','900000029','centro.claro@empresa.com','Responsable Claro 1',15),
('Sucursal Este Claro Peru SAC','Ate','Lima','900000030','este.claro@empresa.com','Responsable Claro 2',15),
('Sucursal Centro Entel SAC','San Isidro','Lima','900000031','centro.entel@empresa.com','Responsable Entel 1',16),
('Sucursal Sur Entel SAC','Surco','Lima','900000032','sur.entel@empresa.com','Responsable Entel 2',16),
('Sucursal Centro Bitel SAC','Lince','Lima','900000033','centro.bitel@empresa.com','Responsable Bitel 1',17),
('Sucursal Norte Bitel SAC','Comas','Lima','900000034','norte.bitel@empresa.com','Responsable Bitel 2',17),
('Sucursal Centro Ransa Comercial SA','Callao','Callao','900000035','centro.ransa@empresa.com','Responsable Ransa 1',18),
('Sucursal Norte Ransa Comercial SA','Ventanilla','Callao','900000036','norte.ransa@empresa.com','Responsable Ransa 2',18),
('Sucursal Centro Shalom SAC','Lima Centro','Lima','900000037','centro.shalom@empresa.com','Responsable Shalom 1',19),
('Sucursal Norte Shalom SAC','Los Olivos','Lima','900000038','norte.shalom@empresa.com','Responsable Shalom 2',19),
('Sucursal Centro Cruz del Sur SAC','La Victoria','Lima','900000039','centro.cruz@empresa.com','Responsable Cruz 1',20),
('Sucursal Norte Cruz del Sur SAC','Independencia','Lima','900000040','norte.cruz@empresa.com','Responsable Cruz 2',20),
('Sucursal Centro San Fernando SAC','Chorrillos','Lima','900000041','centro.sanfernando@empresa.com','Responsable San Fernando 1',21),
('Sucursal Norte San Fernando SAC','Los Olivos','Lima','900000042','norte.sanfernando@empresa.com','Responsable San Fernando 2',21),
('Sucursal Centro Laive SA','Ate','Lima','900000043','centro.laive@empresa.com','Responsable Laive 1',22),
('Sucursal Sur Laive SA','Surco','Lima','900000044','sur.laive@empresa.com','Responsable Laive 2',22),
('Sucursal Centro Tottus SAC','San Isidro','Lima','900000045','centro.tottus@empresa.com','Responsable Tottus 1',23),
('Sucursal Norte Tottus SAC','Independencia','Lima','900000046','norte.tottus@empresa.com','Responsable Tottus 2',23),
('Sucursal Centro Metro SAC','Lima Centro','Lima','900000047','centro.metro@empresa.com','Responsable Metro 1',24),
('Sucursal Este Metro SAC','Santa Anita','Lima','900000048','este.metro@empresa.com','Responsable Metro 2',24),
('Sucursal Centro Plaza Vea SAC','San Miguel','Lima','900000049','centro.plazavea@empresa.com','Responsable Plaza Vea 1',25),
('Sucursal Norte Plaza Vea SAC','Comas','Lima','900000050','norte.plazavea@empresa.com','Responsable Plaza Vea 2',25),
('Sucursal Centro Wong SAC','Miraflores','Lima','900000051','centro.wong@empresa.com','Responsable Wong 1',26),
('Sucursal Sur Wong SAC','Surco','Lima','900000052','sur.wong@empresa.com','Responsable Wong 2',26),
('Sucursal Centro Makro SAC','Callao','Callao','900000053','centro.makro@empresa.com','Responsable Makro 1',27),
('Sucursal Norte Makro SAC','Ventanilla','Callao','900000054','norte.makro@empresa.com','Responsable Makro 2',27),
('Sucursal Centro Maestro SAC','Ate','Lima','900000055','centro.maestro@empresa.com','Responsable Maestro 1',28),
('Sucursal Sur Maestro SAC','Surquillo','Lima','900000056','sur.maestro@empresa.com','Responsable Maestro 2',28),
('Sucursal Centro Sodimac SAC','San Miguel','Lima','900000057','centro.sodimac@empresa.com','Responsable Sodimac 1',29),
('Sucursal Norte Sodimac SAC','Los Olivos','Lima','900000058','norte.sodimac@empresa.com','Responsable Sodimac 2',29),
('Sucursal Centro Promart SAC','La Victoria','Lima','900000059','centro.promart@empresa.com','Responsable Promart 1',30),
('Sucursal Este Promart SAC','Santa Anita','Lima','900000060','este.promart@empresa.com','Responsable Promart 2',30),
('Sucursal Centro Cineplanet SAC','Miraflores','Lima','900000061','centro.cineplanet@empresa.com','Responsable Cineplanet 1',31),
('Sucursal Norte Cineplanet SAC','Independencia','Lima','900000062','norte.cineplanet@empresa.com','Responsable Cineplanet 2',31),
('Sucursal Centro Cinemark SAC','San Miguel','Lima','900000063','centro.cinemark@empresa.com','Responsable Cinemark 1',32),
('Sucursal Sur Cinemark SAC','Surco','Lima','900000064','sur.cinemark@empresa.com','Responsable Cinemark 2',32),
('Sucursal Centro Real Plaza SAC','Centro de Lima','Lima','900000065','centro.realplaza@empresa.com','Responsable Real Plaza 1',33),
('Sucursal Norte Real Plaza SAC','Pro','Lima','900000066','norte.realplaza@empresa.com','Responsable Real Plaza 2',33),
('Sucursal Centro Mall Aventura SAC','Santa Anita','Lima','900000067','centro.mallaventura@empresa.com','Responsable Mall Aventura 1',34),
('Sucursal Sur Mall Aventura SAC','Trujillo','La Libertad','900000068','sur.mallaventura@empresa.com','Responsable Mall Aventura 2',34),
('Sucursal Centro Open Plaza SAC','Angamos','Lima','900000069','centro.openplaza@empresa.com','Responsable Open Plaza 1',35),
('Sucursal Norte Open Plaza SAC','Piura','Piura','900000070','norte.openplaza@empresa.com','Responsable Open Plaza 2',35),
('Sucursal Centro BBVA Peru SAC','San Isidro','Lima','900000071','centro.bbva@empresa.com','Responsable BBVA 1',36),
('Sucursal Norte BBVA Peru SAC','Comas','Lima','900000072','norte.bbva@empresa.com','Responsable BBVA 2',36),
('Sucursal Centro MiBanco SAC','Lince','Lima','900000073','centro.mibanco@empresa.com','Responsable MiBanco 1',37),
('Sucursal Sur MiBanco SAC','Surquillo','Lima','900000074','sur.mibanco@empresa.com','Responsable MiBanco 2',37),
('Sucursal Centro Caja Huancayo SAC','Huancayo','Junín','900000075','centro.huancayo@empresa.com','Responsable Huancayo 1',38),
('Sucursal Lima Caja Huancayo SAC','Lima','Lima','900000076','lima.huancayo@empresa.com','Responsable Huancayo 2',38),
('Sucursal Centro Caja Piura SAC','Piura','Piura','900000077','centro.piura@empresa.com','Responsable Piura 1',39),
('Sucursal Norte Caja Piura SAC','Sullana','Piura','900000078','norte.piura@empresa.com','Responsable Piura 2',39),
('Sucursal Centro Caja Arequipa SAC','Arequipa','Arequipa','900000079','centro.arequipa@empresa.com','Responsable Arequipa 1',40),
('Sucursal Lima Caja Arequipa SAC','Lima','Lima','900000080','lima.arequipa@empresa.com','Responsable Arequipa 2',40),
('Sucursal Centro Pacasmayo SAC','Pacasmayo','La Libertad','900000081','centro.pacasmayo@empresa.com','Responsable Pacasmayo 1',41),
('Sucursal Norte Pacasmayo SAC','Trujillo','La Libertad','900000082','norte.pacasmayo@empresa.com','Responsable Pacasmayo 2',41),
('Sucursal Centro Unacem SAC','Lima Centro','Lima','900000083','centro.unacem@empresa.com','Responsable Unacem 1',42),
('Sucursal Este Unacem SAC','Ate','Lima','900000084','este.unacem@empresa.com','Responsable Unacem 2',42),
('Sucursal Centro Aje Group SAC','Huachipa','Lima','900000085','centro.aje@empresa.com','Responsable Aje 1',43),
('Sucursal Norte Aje Group SAC','Los Olivos','Lima','900000086','norte.aje@empresa.com','Responsable Aje 2',43),
('Sucursal Centro Lindley SAC','Rímac','Lima','900000087','centro.lindley@empresa.com','Responsable Lindley 1',44),
('Sucursal Sur Lindley SAC','Surco','Lima','900000088','sur.lindley@empresa.com','Responsable Lindley 2',44),
('Sucursal Centro Unique SAC','San Isidro','Lima','900000089','centro.unique@empresa.com','Responsable Unique 1',45),
('Sucursal Norte Unique SAC','Independencia','Lima','900000090','norte.unique@empresa.com','Responsable Unique 2',45),
('Sucursal Centro Belcorp SAC','Lima Centro','Lima','900000091','centro.belcorp@empresa.com','Responsable Belcorp 1',46),
('Sucursal Sur Belcorp SAC','Surco','Lima','900000092','sur.belcorp@empresa.com','Responsable Belcorp 2',46),
('Sucursal Centro Yanbal SAC','San Isidro','Lima','900000093','centro.yanbal@empresa.com','Responsable Yanbal 1',47),
('Sucursal Norte Yanbal SAC','Los Olivos','Lima','900000094','norte.yanbal@empresa.com','Responsable Yanbal 2',47),
('Sucursal Centro Bembos SAC','Miraflores','Lima','900000095','centro.bembos@empresa.com','Responsable Bembos 1',48),
('Sucursal Sur Bembos SAC','Surco','Lima','900000096','sur.bembos@empresa.com','Responsable Bembos 2',48),
('Sucursal Centro Norkys SAC','Lima Centro','Lima','900000097','centro.norkys@empresa.com','Responsable Norkys 1',49),
('Sucursal Norte Norkys SAC','Comas','Lima','900000098','norte.norkys@empresa.com','Responsable Norkys 2',49),
('Sucursal Centro Rokys SAC','Lima Centro','Lima','900000099','centro.rokys@empresa.com','Responsable Rokys 1',50),
('Sucursal Sur Rokys SAC','San Miguel','Lima','900000100','sur.rokys@empresa.com','Responsable Rokys 2',50),
('Sucursal Centro KFC Peru SAC','Miraflores','Lima','900000101','centro.kfc@empresa.com','Responsable KFC 1',51),
('Sucursal Norte KFC Peru SAC','Independencia','Lima','900000102','norte.kfc@empresa.com','Responsable KFC 2',51),
('Sucursal Centro Pizza Hut SAC','San Isidro','Lima','900000103','centro.pizzahut@empresa.com','Responsable Pizza Hut 1',52),
('Sucursal Sur Pizza Hut SAC','Surco','Lima','900000104','sur.pizzahut@empresa.com','Responsable Pizza Hut 2',52),
('Sucursal Centro Dominos Pizza SAC','Lima Centro','Lima','900000105','centro.dominos@empresa.com','Responsable Dominos 1',53),
('Sucursal Norte Dominos Pizza SAC','Los Olivos','Lima','900000106','norte.dominos@empresa.com','Responsable Dominos 2',53),
('Sucursal Centro Chinawok SAC','San Miguel','Lima','900000107','centro.chinawok@empresa.com','Responsable Chinawok 1',54),
('Sucursal Este Chinawok SAC','Ate','Lima','900000108','este.chinawok@empresa.com','Responsable Chinawok 2',54),
('Sucursal Centro Pardos Chicken SAC','Miraflores','Lima','900000109','centro.pardos@empresa.com','Responsable Pardos 1',55),
('Sucursal Sur Pardos Chicken SAC','Surco','Lima','900000110','sur.pardos@empresa.com','Responsable Pardos 2',55),
('Sucursal Centro Tambo SAC','Lima Centro','Lima','900000111','centro.tambo@empresa.com','Responsable Tambo 1',56),
('Sucursal Norte Tambo SAC','Comas','Lima','900000112','norte.tambo@empresa.com','Responsable Tambo 2',56),
('Sucursal Centro Mass SAC','San Isidro','Lima','900000113','centro.mass@empresa.com','Responsable Mass 1',57),
('Sucursal Sur Mass SAC','Surquillo','Lima','900000114','sur.mass@empresa.com','Responsable Mass 2',57),
('Sucursal Centro Aruma SAC','Miraflores','Lima','900000115','centro.aruma@empresa.com','Responsable Aruma 1',58),
('Sucursal Norte Aruma SAC','Los Olivos','Lima','900000116','norte.aruma@empresa.com','Responsable Aruma 2',58),
('Sucursal Centro Inkacenter SAC','Lima Centro','Lima','900000117','centro.inkacenter@empresa.com','Responsable Inkacenter 1',59),
('Sucursal Este Inkacenter SAC','Santa Anita','Lima','900000118','este.inkacenter@empresa.com','Responsable Inkacenter 2',59),
('Sucursal Centro Tai Loy SAC','San Isidro','Lima','900000119','centro.tailoy@empresa.com','Responsable Tai Loy 1',60),
('Sucursal Norte Tai Loy SAC','Independencia','Lima','900000120','norte.tailoy@empresa.com','Responsable Tai Loy 2',60),
('Sucursal Centro Hiraoka SAC','Miraflores','Lima','900000121','centro.hiraoka@empresa.com','Responsable Hiraoka 1',61),
('Sucursal Sur Hiraoka SAC','Surco','Lima','900000122','sur.hiraoka@empresa.com','Responsable Hiraoka 2',61),
('Sucursal Centro Carsa SAC','Lima Centro','Lima','900000123','centro.carsa@empresa.com','Responsable Carsa 1',62),
('Sucursal Norte Carsa SAC','Los Olivos','Lima','900000124','norte.carsa@empresa.com','Responsable Carsa 2',62),
('Sucursal Centro Curacao SAC','San Miguel','Lima','900000125','centro.curacao@empresa.com','Responsable Curacao 1',63),
('Sucursal Este Curacao SAC','Ate','Lima','900000126','este.curacao@empresa.com','Responsable Curacao 2',63),
('Sucursal Centro Efe SAC','Miraflores','Lima','900000127','centro.efe@empresa.com','Responsable Efe 1',64),
('Sucursal Sur Efe SAC','Surco','Lima','900000128','sur.efe@empresa.com','Responsable Efe 2',64),
('Sucursal Centro Topitop SAC','Gamarra','Lima','900000129','centro.topitop@empresa.com','Responsable Topitop 1',65),
('Sucursal Norte Topitop SAC','Comas','Lima','900000130','norte.topitop@empresa.com','Responsable Topitop 2',65),
('Sucursal Centro Exit SAC','Lima Centro','Lima','900000131','centro.exit@empresa.com','Responsable Exit 1',66),
('Sucursal Sur Exit SAC','Surco','Lima','900000132','sur.exit@empresa.com','Responsable Exit 2',66),
('Sucursal Centro Marathon SAC','San Isidro','Lima','900000133','centro.marathon@empresa.com','Responsable Marathon 1',67),
('Sucursal Norte Marathon SAC','Independencia','Lima','900000134','norte.marathon@empresa.com','Responsable Marathon 2',67),
('Sucursal Centro Adidas Peru SAC','Miraflores','Lima','900000135','centro.adidas@empresa.com','Responsable Adidas 1',68),
('Sucursal Sur Adidas Peru SAC','Surco','Lima','900000136','sur.adidas@empresa.com','Responsable Adidas 2',68),
('Sucursal Centro Nike Peru SAC','San Isidro','Lima','900000137','centro.nike@empresa.com','Responsable Nike 1',69),
('Sucursal Norte Nike Peru SAC','Los Olivos','Lima','900000138','norte.nike@empresa.com','Responsable Nike 2',69),
('Sucursal Centro Puma Peru SAC','Miraflores','Lima','900000139','centro.puma@empresa.com','Responsable Puma 1',70),
('Sucursal Sur Puma Peru SAC','Surco','Lima','900000140','sur.puma@empresa.com','Responsable Puma 2',70),
('Sucursal Centro Reebok Peru SAC','San Isidro','Lima','900000141','centro.reebok@empresa.com','Responsable Reebok 1',71),
('Sucursal Norte Reebok Peru SAC','Los Olivos','Lima','900000142','norte.reebok@empresa.com','Responsable Reebok 2',71),
('Sucursal Centro Under Armour SAC','Miraflores','Lima','900000143','centro.underarmour@empresa.com','Responsable Under Armour 1',72),
('Sucursal Sur Under Armour SAC','Surco','Lima','900000144','sur.underarmour@empresa.com','Responsable Under Armour 2',72),
('Sucursal Centro Totus Technology SAC','Lima Centro','Lima','900000145','centro.totustech@empresa.com','Responsable Totus Tech 1',73),
('Sucursal Norte Totus Technology SAC','Independencia','Lima','900000146','norte.totustech@empresa.com','Responsable Totus Tech 2',73),
('Sucursal Centro CompuPalace SAC','Miraflores','Lima','900000147','centro.compupalace@empresa.com','Responsable CompuPalace 1',74),
('Sucursal Sur CompuPalace SAC','Surquillo','Lima','900000148','sur.compupalace@empresa.com','Responsable CompuPalace 2',74),
('Sucursal Centro Memory Kings SAC','San Isidro','Lima','900000149','centro.memorykings@empresa.com','Responsable Memory Kings 1',75),
('Sucursal Norte Memory Kings SAC','Los Olivos','Lima','900000150','norte.memorykings@empresa.com','Responsable Memory Kings 2',75),
('Sucursal Centro Deltron SAC','Callao','Callao','900000151','centro.deltron@empresa.com','Responsable Deltron 1',76),
('Sucursal Norte Deltron SAC','Ventanilla','Callao','900000152','norte.deltron@empresa.com','Responsable Deltron 2',76),
('Sucursal Centro HP Peru SAC','San Isidro','Lima','900000153','centro.hp@empresa.com','Responsable HP 1',77),
('Sucursal Sur HP Peru SAC','Surco','Lima','900000154','sur.hp@empresa.com','Responsable HP 2',77),
('Sucursal Centro Lenovo Peru SAC','Miraflores','Lima','900000155','centro.lenovo@empresa.com','Responsable Lenovo 1',78),
('Sucursal Norte Lenovo Peru SAC','Independencia','Lima','900000156','norte.lenovo@empresa.com','Responsable Lenovo 2',78),
('Sucursal Centro Dell Peru SAC','San Isidro','Lima','900000157','centro.dell@empresa.com','Responsable Dell 1',79),
('Sucursal Sur Dell Peru SAC','Surco','Lima','900000158','sur.dell@empresa.com','Responsable Dell 2',79),
('Sucursal Centro Asus Peru SAC','Miraflores','Lima','900000159','centro.asus@empresa.com','Responsable Asus 1',80),
('Sucursal Norte Asus Peru SAC','Los Olivos','Lima','900000160','norte.asus@empresa.com','Responsable Asus 2',80),
('Sucursal Centro Acer Peru SAC','San Isidro','Lima','900000161','centro.acer@empresa.com','Responsable Acer 1',81),
('Sucursal Sur Acer Peru SAC','Surco','Lima','900000162','sur.acer@empresa.com','Responsable Acer 2',81),
('Sucursal Centro Samsung Peru SAC','Miraflores','Lima','900000163','centro.samsung@empresa.com','Responsable Samsung 1',82),
('Sucursal Norte Samsung Peru SAC','Independencia','Lima','900000164','norte.samsung@empresa.com','Responsable Samsung 2',82),
('Sucursal Centro LG Peru SAC','San Isidro','Lima','900000165','centro.lg@empresa.com','Responsable LG 1',83),
('Sucursal Sur LG Peru SAC','Surco','Lima','900000166','sur.lg@empresa.com','Responsable LG 2',83),
('Sucursal Centro Sony Peru SAC','Miraflores','Lima','900000167','centro.sony@empresa.com','Responsable Sony 1',84),
('Sucursal Norte Sony Peru SAC','Los Olivos','Lima','900000168','norte.sony@empresa.com','Responsable Sony 2',84),
('Sucursal Centro Xiaomi Peru SAC','San Isidro','Lima','900000169','centro.xiaomi@empresa.com','Responsable Xiaomi 1',85),
('Sucursal Sur Xiaomi Peru SAC','Surco','Lima','900000170','sur.xiaomi@empresa.com','Responsable Xiaomi 2',85),
('Sucursal Centro Huawei Peru SAC','Miraflores','Lima','900000171','centro.huawei@empresa.com','Responsable Huawei 1',86),
('Sucursal Norte Huawei Peru SAC','Independencia','Lima','900000172','norte.huawei@empresa.com','Responsable Huawei 2',86),
('Sucursal Centro Apple Peru SAC','San Isidro','Lima','900000173','centro.apple@empresa.com','Responsable Apple 1',87),
('Sucursal Sur Apple Peru SAC','Surco','Lima','900000174','sur.apple@empresa.com','Responsable Apple 2',87),
('Sucursal Centro Intel Peru SAC','Lima Centro','Lima','900000175','centro.intel@empresa.com','Responsable Intel 1',88),
('Sucursal Norte Intel Peru SAC','Los Olivos','Lima','900000176','norte.intel@empresa.com','Responsable Intel 2',88),
('Sucursal Centro Oracle Peru SAC','San Isidro','Lima','900000177','centro.oracle@empresa.com','Responsable Oracle 1',89),
('Sucursal Sur Oracle Peru SAC','Surco','Lima','900000178','sur.oracle@empresa.com','Responsable Oracle 2',89),
('Sucursal Centro IBM Peru SAC','Miraflores','Lima','900000179','centro.ibm@empresa.com','Responsable IBM 1',90),
('Sucursal Norte IBM Peru SAC','Independencia','Lima','900000180','norte.ibm@empresa.com','Responsable IBM 2',90),
('Sucursal Centro Amazon Peru SAC','San Isidro','Lima','900000181','centro.amazon@empresa.com','Responsable Amazon 1',91),
('Sucursal Norte Amazon Peru SAC','Surco','Lima','900000182','norte.amazon@empresa.com','Responsable Amazon 2',91),
('Sucursal Centro Netflix Peru SAC','Miraflores','Lima','900000183','centro.netflix@empresa.com','Responsable Netflix 1',92),
('Sucursal Sur Netflix Peru SAC','San Isidro','Lima','900000184','sur.netflix@empresa.com','Responsable Netflix 2',92),
('Sucursal Centro Spotify Peru SAC','Lima Centro','Lima','900000185','centro.spotify@empresa.com','Responsable Spotify 1',93),
('Sucursal Norte Spotify Peru SAC','Los Olivos','Lima','900000186','norte.spotify@empresa.com','Responsable Spotify 2',93),
('Sucursal Centro Rappi Peru SAC','Miraflores','Lima','900000187','centro.rappi@empresa.com','Responsable Rappi 1',94),
('Sucursal Sur Rappi Peru SAC','Surco','Lima','900000188','sur.rappi@empresa.com','Responsable Rappi 2',94),
('Sucursal Centro PedidosYa SAC','San Isidro','Lima','900000189','centro.pedidosya@empresa.com','Responsable PedidosYa 1',95),
('Sucursal Norte PedidosYa SAC','Independencia','Lima','900000190','norte.pedidosya@empresa.com','Responsable PedidosYa 2',95),
('Sucursal Centro Cabify Peru SAC','Miraflores','Lima','900000191','centro.cabify@empresa.com','Responsable Cabify 1',96),
('Sucursal Sur Cabify Peru SAC','Surco','Lima','900000192','sur.cabify@empresa.com','Responsable Cabify 2',96),
('Sucursal Centro Uber Peru SAC','San Isidro','Lima','900000193','centro.uber@empresa.com','Responsable Uber 1',97),
('Sucursal Norte Uber Peru SAC','Los Olivos','Lima','900000194','norte.uber@empresa.com','Responsable Uber 2',97),
('Sucursal Centro DiDi Peru SAC','Miraflores','Lima','900000195','centro.didi@empresa.com','Responsable DiDi 1',98),
('Sucursal Sur DiDi Peru SAC','Surco','Lima','900000196','sur.didi@empresa.com','Responsable DiDi 2',98),
('Sucursal Centro Latam Airlines SAC','San Isidro','Lima','900000197','centro.latam@empresa.com','Responsable Latam 1',99),
('Sucursal Aeropuerto Latam Airlines SAC','Callao','Callao','900000198','aeropuerto.latam@empresa.com','Responsable Latam 2',99),
('Sucursal Centro Sky Airlines SAC','Miraflores','Lima','900000199','centro.sky@empresa.com','Responsable Sky 1',100),
('Sucursal Aeropuerto Sky Airlines SAC','Callao','Callao','900000200','aeropuerto.sky@empresa.com','Responsable Sky 2',100),
('Sucursal Centro Viva Air SAC','San Isidro','Lima','900000201','centro.viva@empresa.com','Responsable Viva 1',101),
('Sucursal Aeropuerto Viva Air SAC','Callao','Callao','900000202','aeropuerto.viva@empresa.com','Responsable Viva 2',101),
('Sucursal Centro PeruRail SAC','Cusco','Cusco','900000203','centro.perurail@empresa.com','Responsable PeruRail 1',102),
('Sucursal Norte PeruRail SAC','Ollantaytambo','Cusco','900000204','norte.perurail@empresa.com','Responsable PeruRail 2',102),
('Sucursal Centro Civa SAC','Lima Centro','Lima','900000205','centro.civa@empresa.com','Responsable Civa 1',103),
('Sucursal Norte Civa SAC','Los Olivos','Lima','900000206','norte.civa@empresa.com','Responsable Civa 2',103),
('Sucursal Centro Oltursa SAC','San Isidro','Lima','900000207','centro.oltursa@empresa.com','Responsable Oltursa 1',104),
('Sucursal Sur Oltursa SAC','Surco','Lima','900000208','sur.oltursa@empresa.com','Responsable Oltursa 2',104),
('Sucursal Centro Tepsa SAC','Miraflores','Lima','900000209','centro.tepsa@empresa.com','Responsable Tepsa 1',105),
('Sucursal Norte Tepsa SAC','Independencia','Lima','900000210','norte.tepsa@empresa.com','Responsable Tepsa 2',105),
('Sucursal Centro Movil Bus SAC','Lima Centro','Lima','900000211','centro.movilbus@empresa.com','Responsable Movil Bus 1',106),
('Sucursal Norte Movil Bus SAC','Comas','Lima','900000212','norte.movilbus@empresa.com','Responsable Movil Bus 2',106),
('Sucursal Centro Transportes Flores SAC','La Victoria','Lima','900000213','centro.flores@empresa.com','Responsable Flores 1',107),
('Sucursal Sur Transportes Flores SAC','San Juan de Miraflores','Lima','900000214','sur.flores@empresa.com','Responsable Flores 2',107),
('Sucursal Centro Scharff SAC','Callao','Callao','900000215','centro.scharff@empresa.com','Responsable Scharff 1',108),
('Sucursal Norte Scharff SAC','Ventanilla','Callao','900000216','norte.scharff@empresa.com','Responsable Scharff 2',108),
('Sucursal Centro Olva Courier SAC','San Isidro','Lima','900000217','centro.olva@empresa.com','Responsable Olva 1',109),
('Sucursal Sur Olva Courier SAC','Surquillo','Lima','900000218','sur.olva@empresa.com','Responsable Olva 2',109),
('Sucursal Centro Serpost SAC','Lima Centro','Lima','900000219','centro.serpost@empresa.com','Responsable Serpost 1',110),
('Sucursal Norte Serpost SAC','Los Olivos','Lima','900000220','norte.serpost@empresa.com','Responsable Serpost 2',110),
('Sucursal Centro DP World SAC','Callao','Callao','900000221','centro.dpworld@empresa.com','Responsable DP World 1',111),
('Sucursal Norte DP World SAC','Ventanilla','Callao','900000222','norte.dpworld@empresa.com','Responsable DP World 2',111),
('Sucursal Centro APM Terminals SAC','Callao','Callao','900000223','centro.apm@empresa.com','Responsable APM 1',112),
('Sucursal Norte APM Terminals SAC','Ventanilla','Callao','900000224','norte.apm@empresa.com','Responsable APM 2',112),
('Sucursal Centro Cosco Shipping SAC','Callao','Callao','900000225','centro.cosco@empresa.com','Responsable Cosco 1',113),
('Sucursal Norte Cosco Shipping SAC','Ventanilla','Callao','900000226','norte.cosco@empresa.com','Responsable Cosco 2',113),
('Sucursal Centro Ferreyros SAC','San Isidro','Lima','900000227','centro.ferreyros@empresa.com','Responsable Ferreyros 1',114),
('Sucursal Norte Ferreyros SAC','Ate','Lima','900000228','norte.ferreyros@empresa.com','Responsable Ferreyros 2',114),
('Sucursal Centro Komatsu Mitsui SAC','Surco','Lima','900000229','centro.komatsu@empresa.com','Responsable Komatsu 1',115),
('Sucursal Norte Komatsu Mitsui SAC','Callao','Callao','900000230','norte.komatsu@empresa.com','Responsable Komatsu 2',115),
('Sucursal Centro Volvo Peru SAC','San Isidro','Lima','900000231','centro.volvo@empresa.com','Responsable Volvo 1',116),
('Sucursal Norte Volvo Peru SAC','Ate','Lima','900000232','norte.volvo@empresa.com','Responsable Volvo 2',116),
('Sucursal Centro Toyota Peru SAC','San Isidro','Lima','900000233','centro.toyota@empresa.com','Responsable Toyota 1',117),
('Sucursal Norte Toyota Peru SAC','Ate','Lima','900000234','norte.toyota@empresa.com','Responsable Toyota 2',117),
('Sucursal Centro Nissan Peru SAC','San Isidro','Lima','900000235','centro.nissan@empresa.com','Responsable Nissan 1',118),
('Sucursal Norte Nissan Peru SAC','Surco','Lima','900000236','norte.nissan@empresa.com','Responsable Nissan 2',118),
('Sucursal Centro Kia Motors SAC','Miraflores','Lima','900000237','centro.kia@empresa.com','Responsable Kia 1',119),
('Sucursal Norte Kia Motors SAC','Independencia','Lima','900000238','norte.kia@empresa.com','Responsable Kia 2',119),
('Sucursal Centro Hyundai Peru SAC','San Isidro','Lima','900000239','centro.hyundai@empresa.com','Responsable Hyundai 1',120),
('Sucursal Norte Hyundai Peru SAC','Ate','Lima','900000240','norte.hyundai@empresa.com','Responsable Hyundai 2',120),
('Sucursal Centro Chevrolet Peru SAC','Surco','Lima','900000241','centro.chevrolet@empresa.com','Responsable Chevrolet 1',121),
('Sucursal Norte Chevrolet Peru SAC','Callao','Callao','900000242','norte.chevrolet@empresa.com','Responsable Chevrolet 2',121),
('Sucursal Centro Mazda Peru SAC','San Isidro','Lima','900000243','centro.mazda@empresa.com','Responsable Mazda 1',122),
('Sucursal Norte Mazda Peru SAC','Ate','Lima','900000244','norte.mazda@empresa.com','Responsable Mazda 2',122),
('Sucursal Centro Suzuki Peru SAC','Miraflores','Lima','900000245','centro.suzuki@empresa.com','Responsable Suzuki 1',123),
('Sucursal Norte Suzuki Peru SAC','Independencia','Lima','900000246','norte.suzuki@empresa.com','Responsable Suzuki 2',123),
('Sucursal Centro Subaru Peru SAC','San Isidro','Lima','900000247','centro.subaru@empresa.com','Responsable Subaru 1',124),
('Sucursal Norte Subaru Peru SAC','Ate','Lima','900000248','norte.subaru@empresa.com','Responsable Subaru 2',124),
('Sucursal Centro Peugeot Peru SAC','Surco','Lima','900000249','centro.peugeot@empresa.com','Responsable Peugeot 1',125),
('Sucursal Norte Peugeot Peru SAC','Callao','Callao','900000250','norte.peugeot@empresa.com','Responsable Peugeot 2',125),
('Sucursal Centro Renault Peru SAC','San Isidro','Lima','900000251','centro.renault@empresa.com','Responsable Renault 1',126),
('Sucursal Norte Renault Peru SAC','Ate','Lima','900000252','norte.renault@empresa.com','Responsable Renault 2',126),
('Sucursal Centro Volkswagen Peru SAC','Miraflores','Lima','900000253','centro.vw@empresa.com','Responsable VW 1',127),
('Sucursal Norte Volkswagen Peru SAC','Independencia','Lima','900000254','norte.vw@empresa.com','Responsable VW 2',127),
('Sucursal Centro Audi Peru SAC','San Isidro','Lima','900000255','centro.audi@empresa.com','Responsable Audi 1',128),
('Sucursal Norte Audi Peru SAC','Surco','Lima','900000256','norte.audi@empresa.com','Responsable Audi 2',128),
('Sucursal Centro BMW Peru SAC','Miraflores','Lima','900000257','centro.bmw@empresa.com','Responsable BMW 1',129),
('Sucursal Norte BMW Peru SAC','Ate','Lima','900000258','norte.bmw@empresa.com','Responsable BMW 2',129),
('Sucursal Centro Mercedes Benz SAC','San Isidro','Lima','900000259','centro.mercedes@empresa.com','Responsable Mercedes 1',130),
('Sucursal Norte Mercedes Benz SAC','Surco','Lima','900000260','norte.mercedes@empresa.com','Responsable Mercedes 2',130),
('Sucursal Centro Lexus Peru SAC','San Isidro','Lima','900000261','centro.lexus@empresa.com','Responsable Lexus 1',131),
('Sucursal Norte Lexus Peru SAC','Surco','Lima','900000262','norte.lexus@empresa.com','Responsable Lexus 2',131),
('Sucursal Centro Chery Peru SAC','Ate','Lima','900000263','centro.chery@empresa.com','Responsable Chery 1',132),
('Sucursal Norte Chery Peru SAC','Independencia','Lima','900000264','norte.chery@empresa.com','Responsable Chery 2',132),
('Sucursal Centro JAC Motors SAC','Callao','Callao','900000265','centro.jac@empresa.com','Responsable JAC 1',133),
('Sucursal Norte JAC Motors SAC','Ventanilla','Callao','900000266','norte.jac@empresa.com','Responsable JAC 2',133),
('Sucursal Centro Inkia Energy SAC','San Isidro','Lima','900000267','centro.inkia@empresa.com','Responsable Inkia 1',134),
('Sucursal Norte Inkia Energy SAC','Surco','Lima','900000268','norte.inkia@empresa.com','Responsable Inkia 2',134),
('Sucursal Centro Engie Energia SAC','Miraflores','Lima','900000269','centro.engie@empresa.com','Responsable Engie 1',135),
('Sucursal Norte Engie Energia SAC','Ate','Lima','900000270','norte.engie@empresa.com','Responsable Engie 2',135),
('Sucursal Centro Enel Peru SAC','San Isidro','Lima','900000271','centro.enel@empresa.com','Responsable Enel 1',136),
('Sucursal Norte Enel Peru SAC','Surco','Lima','900000272','norte.enel@empresa.com','Responsable Enel 2',136),
('Sucursal Centro Luz del Sur SAC','Santiago de Surco','Lima','900000273','centro.luz@empresa.com','Responsable Luz del Sur 1',137),
('Sucursal Norte Luz del Sur SAC','San Juan de Miraflores','Lima','900000274','norte.luz@empresa.com','Responsable Luz del Sur 2',137),
('Sucursal Centro Electro Peru SAC','Lima Centro','Lima','900000275','centro.electro@empresa.com','Responsable Electro 1',138),
('Sucursal Norte Electro Peru SAC','Independencia','Lima','900000276','norte.electro@empresa.com','Responsable Electro 2',138),
('Sucursal Centro Sedapal SAC','El Agustino','Lima','900000277','centro.sedapal@empresa.com','Responsable Sedapal 1',139),
('Sucursal Norte Sedapal SAC','Comas','Lima','900000278','norte.sedapal@empresa.com','Responsable Sedapal 2',139),
('Sucursal Centro Aguas Andinas SAC','San Isidro','Lima','900000279','centro.aguas@empresa.com','Responsable Aguas 1',140),
('Sucursal Norte Aguas Andinas SAC','Surco','Lima','900000280','norte.aguas@empresa.com','Responsable Aguas 2',140),
('Sucursal Centro Graña SAC','San Isidro','Lima','900000281','centro.grana@empresa.com','Responsable Graña 1',141),
('Sucursal Norte Graña SAC','Surco','Lima','900000282','norte.grana@empresa.com','Responsable Graña 2',141),
('Sucursal Centro Besco SAC','Miraflores','Lima','900000283','centro.besco@empresa.com','Responsable Besco 1',142),
('Sucursal Norte Besco SAC','Ate','Lima','900000284','norte.besco@empresa.com','Responsable Besco 2',142),
('Sucursal Centro Los Portales SAC','San Isidro','Lima','900000285','centro.portales@empresa.com','Responsable Portales 1',143),
('Sucursal Norte Los Portales SAC','Surco','Lima','900000286','norte.portales@empresa.com','Responsable Portales 2',143),
('Sucursal Centro Centenario SAC','Miraflores','Lima','900000287','centro.centenario@empresa.com','Responsable Centenario 1',144),
('Sucursal Norte Centenario SAC','Independencia','Lima','900000288','norte.centenario@empresa.com','Responsable Centenario 2',144),
('Sucursal Centro Paz SAC','San Isidro','Lima','900000289','centro.paz@empresa.com','Responsable Paz 1',145),
('Sucursal Norte Paz SAC','Surco','Lima','900000290','norte.paz@empresa.com','Responsable Paz 2',145),
('Sucursal Centro Viva Gym SAC','Miraflores','Lima','900000291','centro.vivagym@empresa.com','Responsable Viva Gym 1',146),
('Sucursal Norte Viva Gym SAC','Ate','Lima','900000292','norte.vivagym@empresa.com','Responsable Viva Gym 2',146),
('Sucursal Centro Cementos Sol SAC','Callao','Callao','900000293','centro.sol@empresa.com','Responsable Sol 1',147),
('Sucursal Norte Cementos Sol SAC','Ventanilla','Callao','900000294','norte.sol@empresa.com','Responsable Sol 2',147),
('Sucursal Centro Aceros Arequipa SAC','Arequipa','Arequipa','900000295','centro.aceros@empresa.com','Responsable Aceros 1',148),
('Sucursal Lima Aceros Arequipa SAC','Lima','Lima','900000296','lima.aceros@empresa.com','Responsable Aceros 2',148),
('Sucursal Centro Siderperu SAC','Chimbote','Áncash','900000297','centro.sider@empresa.com','Responsable Sider 1',149),
('Sucursal Norte Siderperu SAC','Trujillo','La Libertad','900000298','norte.sider@empresa.com','Responsable Sider 2',149),
('Sucursal Centro Antamina SAC','Huaraz','Áncash','900000299','centro.antamina@empresa.com','Responsable Antamina 1',150),
('Sucursal Norte Antamina SAC','Lima','Lima','900000300','norte.antamina@empresa.com','Responsable Antamina 2',150),
('Sucursal Centro Cerro Verde SAC','Arequipa','Arequipa','900000301','centro.cerroverde@empresa.com','Responsable Cerro Verde 1',151),
('Sucursal Norte Cerro Verde SAC','Lima','Lima','900000302','norte.cerroverde@empresa.com','Responsable Cerro Verde 2',151),
('Sucursal Centro Southern Peru SAC','Tacna','Tacna','900000303','centro.southern@empresa.com','Responsable Southern 1',152),
('Sucursal Norte Southern Peru SAC','Moquegua','Moquegua','900000304','norte.southern@empresa.com','Responsable Southern 2',152),
('Sucursal Centro Las Bambas SAC','Apurímac','Apurímac','900000305','centro.bambas@empresa.com','Responsable Bambas 1',153),
('Sucursal Norte Las Bambas SAC','Cusco','Cusco','900000306','norte.bambas@empresa.com','Responsable Bambas 2',153),
('Sucursal Centro Buenaventura SAC','Lima','Lima','900000307','centro.buenaventura@empresa.com','Responsable Buenaventura 1',154),
('Sucursal Norte Buenaventura SAC','Arequipa','Arequipa','900000308','norte.buenaventura@empresa.com','Responsable Buenaventura 2',154),
('Sucursal Centro Minsur SAC','Puno','Puno','900000309','centro.minsur@empresa.com','Responsable Minsur 1',155),
('Sucursal Norte Minsur SAC','Lima','Lima','900000310','norte.minsur@empresa.com','Responsable Minsur 2',155),
('Sucursal Centro Volcan SAC','Junín','Junín','900000311','centro.volcan@empresa.com','Responsable Volcan 1',156),
('Sucursal Norte Volcan SAC','Lima','Lima','900000312','norte.volcan@empresa.com','Responsable Volcan 2',156),
('Sucursal Centro Yanacocha SAC','Cajamarca','Cajamarca','900000313','centro.yanacocha@empresa.com','Responsable Yanacocha 1',157),
('Sucursal Norte Yanacocha SAC','Lima','Lima','900000314','norte.yanacocha@empresa.com','Responsable Yanacocha 2',157),
('Sucursal Centro Nexa Resources SAC','Ica','Ica','900000315','centro.nexa@empresa.com','Responsable Nexa 1',158),
('Sucursal Norte Nexa Resources SAC','Lima','Lima','900000316','norte.nexa@empresa.com','Responsable Nexa 2',158),
('Sucursal Centro Clinica San Pablo SAC','Surco','Lima','900000317','centro.sanpablo@empresa.com','Responsable San Pablo 1',159),
('Sucursal Norte Clinica San Pablo SAC','San Isidro','Lima','900000318','norte.sanpablo@empresa.com','Responsable San Pablo 2',159),
('Sucursal Centro Clinica Ricardo Palma SAC','San Isidro','Lima','900000319','centro.palma@empresa.com','Responsable Palma 1',160),
('Sucursal Norte Clinica Ricardo Palma SAC','Surco','Lima','900000320','norte.palma@empresa.com','Responsable Palma 2',160),
('Sucursal Centro Clinica Internacional SAC','San Borja','Lima','900000321','centro.internacional@empresa.com','Responsable Internacional 1',161),
('Sucursal Norte Clinica Internacional SAC','San Isidro','Lima','900000322','norte.internacional@empresa.com','Responsable Internacional 2',161),
('Sucursal Centro Clinica Delgado SAC','Miraflores','Lima','900000323','centro.delgado@empresa.com','Responsable Delgado 1',162),
('Sucursal Norte Clinica Delgado SAC','Surco','Lima','900000324','norte.delgado@empresa.com','Responsable Delgado 2',162),
('Sucursal Centro Essalud SAC','Lima Centro','Lima','900000325','centro.essalud@empresa.com','Responsable Essalud 1',163),
('Sucursal Norte Essalud SAC','San Isidro','Lima','900000326','norte.essalud@empresa.com','Responsable Essalud 2',163),
('Sucursal Centro Minsa SAC','Lima Centro','Lima','900000327','centro.minsa@empresa.com','Responsable Minsa 1',164),
('Sucursal Norte Minsa SAC','Surco','Lima','900000328','norte.minsa@empresa.com','Responsable Minsa 2',164),
('Sucursal Centro Rimac Seguros SAC','San Isidro','Lima','900000329','centro.rimac@empresa.com','Responsable Rimac 1',165),
('Sucursal Norte Rimac Seguros SAC','Surco','Lima','900000330','norte.rimac@empresa.com','Responsable Rimac 2',165),
('Sucursal Centro Pacifico Seguros SAC','San Isidro','Lima','900000331','centro.pacifico@empresa.com','Responsable Pacifico 1',166),
('Sucursal Norte Pacifico Seguros SAC','Miraflores','Lima','900000332','norte.pacifico@empresa.com','Responsable Pacifico 2',166),
('Sucursal Centro Mapfre Peru SAC','San Isidro','Lima','900000333','centro.mapfre@empresa.com','Responsable Mapfre 1',167),
('Sucursal Norte Mapfre Peru SAC','Surco','Lima','900000334','norte.mapfre@empresa.com','Responsable Mapfre 2',167),
('Sucursal Centro La Positiva SAC','Lima Centro','Lima','900000335','centro.lapositiva@empresa.com','Responsable Positiva 1',168),
('Sucursal Norte La Positiva SAC','San Isidro','Lima','900000336','norte.lapositiva@empresa.com','Responsable Positiva 2',168),
('Sucursal Centro UPC SAC','Monterrico','Lima','900000337','centro.upc@empresa.com','Responsable UPC 1',169),
('Sucursal Norte UPC SAC','San Isidro','Lima','900000338','norte.upc@empresa.com','Responsable UPC 2',169),
('Sucursal Centro UTP SAC','Lima Centro','Lima','900000339','centro.utp@empresa.com','Responsable UTP 1',170),
('Sucursal Norte UTP SAC','Los Olivos','Lima','900000340','norte.utp@empresa.com','Responsable UTP 2',170),
('Sucursal Centro UCV SAC','Trujillo','La Libertad','900000341','centro.ucv@empresa.com','Responsable UCV 1',171),
('Sucursal Norte UCV SAC','Lima','Lima','900000342','norte.ucv@empresa.com','Responsable UCV 2',171),
('Sucursal Centro USMP SAC','Santa Anita','Lima','900000343','centro.usmp@empresa.com','Responsable USMP 1',172),
('Sucursal Norte USMP SAC','Surco','Lima','900000344','norte.usmp@empresa.com','Responsable USMP 2',172),
('Sucursal Centro PUCP SAC','San Miguel','Lima','900000345','centro.pucp@empresa.com','Responsable PUCP 1',173),
('Sucursal Norte PUCP SAC','Pueblo Libre','Lima','900000346','norte.pucp@empresa.com','Responsable PUCP 2',173),
('Sucursal Centro Universidad Lima SAC','Surco','Lima','900000347','centro.ulima@empresa.com','Responsable ULima 1',174),
('Sucursal Norte Universidad Lima SAC','Miraflores','Lima','900000348','norte.ulima@empresa.com','Responsable ULima 2',174),
('Sucursal Centro UTEC SAC','Barranco','Lima','900000349','centro.utec@empresa.com','Responsable UTEC 1',175),
('Sucursal Norte UTEC SAC','San Isidro','Lima','900000350','norte.utec@empresa.com','Responsable UTEC 2',175),
('Sucursal Centro Continental SAC','Arequipa','Arequipa','900000351','centro.continental@empresa.com','Responsable Continental 1',176),
('Sucursal Norte Continental SAC','Lima','Lima','900000352','norte.continental@empresa.com','Responsable Continental 2',176),
('Sucursal Centro Norbert Wiener SAC','Lima Centro','Lima','900000353','centro.wiener@empresa.com','Responsable Wiener 1',177),
('Sucursal Norte Norbert Wiener SAC','San Isidro','Lima','900000354','norte.wiener@empresa.com','Responsable Wiener 2',177),
('Sucursal Centro Universidad Autonoma SAC','Chorrillos','Lima','900000355','centro.autonoma@empresa.com','Responsable Autonoma 1',178),
('Sucursal Norte Universidad Autonoma SAC','Surco','Lima','900000356','norte.autonoma@empresa.com','Responsable Autonoma 2',178),
('Sucursal Centro Cibertec SAC','Lima Centro','Lima','900000357','centro.cibertec@empresa.com','Responsable Cibertec 1',179),
('Sucursal Norte Cibertec SAC','Miraflores','Lima','900000358','norte.cibertec@empresa.com','Responsable Cibertec 2',179),
('Sucursal Centro Senati SAC','Independencia','Lima','900000359','centro.senati@empresa.com','Responsable Senati 1',180),
('Sucursal Norte Senati SAC','Ate','Lima','900000360','norte.senati@empresa.com','Responsable Senati 2',180),
('Sucursal Centro Sencico SAC','Lima Centro','Lima','900000361','centro.sencico@empresa.com','Responsable Sencico 1',181),
('Sucursal Norte Sencico SAC','San Borja','Lima','900000362','norte.sencico@empresa.com','Responsable Sencico 2',181),
('Sucursal Centro Idat SAC','Lima Centro','Lima','900000363','centro.idat@empresa.com','Responsable Idat 1',182),
('Sucursal Norte Idat SAC','Los Olivos','Lima','900000364','norte.idat@empresa.com','Responsable Idat 2',182),
('Sucursal Centro Zegel IPAE SAC','Surco','Lima','900000365','centro.zegel@empresa.com','Responsable Zegel 1',183),
('Sucursal Norte Zegel IPAE SAC','San Isidro','Lima','900000366','norte.zegel@empresa.com','Responsable Zegel 2',183),
('Sucursal Centro Certus SAC','Lima Centro','Lima','900000367','centro.certus@empresa.com','Responsable Certus 1',184),
('Sucursal Norte Certus SAC','Miraflores','Lima','900000368','norte.certus@empresa.com','Responsable Certus 2',184),
('Sucursal Centro Toulouse Lautrec SAC','San Isidro','Lima','900000369','centro.toulouse@empresa.com','Responsable Toulouse 1',185),
('Sucursal Norte Toulouse Lautrec SAC','Surco','Lima','900000370','norte.toulouse@empresa.com','Responsable Toulouse 2',185),
('Sucursal Centro Britanico SAC','Miraflores','Lima','900000371','centro.britanico@empresa.com','Responsable Britanico 1',186),
('Sucursal Norte Britanico SAC','San Isidro','Lima','900000372','norte.britanico@empresa.com','Responsable Britanico 2',186),
('Sucursal Centro ICPNA SAC','Lima Centro','Lima','900000373','centro.icpna@empresa.com','Responsable ICPNA 1',187),
('Sucursal Norte ICPNA SAC','Surco','Lima','900000374','norte.icpna@empresa.com','Responsable ICPNA 2',187),
('Sucursal Centro Euroidiomas SAC','San Isidro','Lima','900000375','centro.euroidiomas@empresa.com','Responsable Euro 1',188),
('Sucursal Norte Euroidiomas SAC','Miraflores','Lima','900000376','norte.euroidiomas@empresa.com','Responsable Euro 2',188),
('Sucursal Centro Smart Fit SAC','San Isidro','Lima','900000377','centro.smartfit@empresa.com','Responsable Smart 1',189),
('Sucursal Norte Smart Fit SAC','Surco','Lima','900000378','norte.smartfit@empresa.com','Responsable Smart 2',189),
('Sucursal Centro Bodytech SAC','Miraflores','Lima','900000379','centro.bodytech@empresa.com','Responsable Bodytech 1',190),
('Sucursal Norte Bodytech SAC','San Borja','Lima','900000380','norte.bodytech@empresa.com','Responsable Bodytech 2',190),
('Sucursal Centro Gold Gym SAC','Lima Centro','Lima','900000381','centro.goldgym@empresa.com','Responsable Gold 1',191),
('Sucursal Norte Gold Gym SAC','Surco','Lima','900000382','norte.goldgym@empresa.com','Responsable Gold 2',191),
('Sucursal Centro Power Gym SAC','Los Olivos','Lima','900000383','centro.powergym@empresa.com','Responsable Power 1',192),
('Sucursal Norte Power Gym SAC','Independencia','Lima','900000384','norte.powergym@empresa.com','Responsable Power 2',192),
('Sucursal Centro Inkas Gym SAC','Ate','Lima','900000385','centro.inkasgym@empresa.com','Responsable Inkas 1',193),
('Sucursal Norte Inkas Gym SAC','Santa Anita','Lima','900000386','norte.inkasgym@empresa.com','Responsable Inkas 2',193),
('Sucursal Centro Rustica SAC','Lima Centro','Lima','900000387','centro.rustica@empresa.com','Responsable Rustica 1',194),
('Sucursal Norte Rustica SAC','Miraflores','Lima','900000388','norte.rustica@empresa.com','Responsable Rustica 2',194),
('Sucursal Centro El Hornero SAC','Surco','Lima','900000389','centro.hornero@empresa.com','Responsable Hornero 1',195),
('Sucursal Norte El Hornero SAC','San Isidro','Lima','900000390','norte.hornero@empresa.com','Responsable Hornero 2',195),
('Sucursal Centro Segundo Muelle SAC','Miraflores','Lima','900000391','centro.segundomuelle@empresa.com','Responsable Muelle 1',196),
('Sucursal Norte Segundo Muelle SAC','San Borja','Lima','900000392','norte.segundomuelle@empresa.com','Responsable Muelle 2',196),
('Sucursal Centro La Lucha SAC','Miraflores','Lima','900000393','centro.lalucha@empresa.com','Responsable Lucha 1',197),
('Sucursal Norte La Lucha SAC','Surco','Lima','900000394','norte.lalucha@empresa.com','Responsable Lucha 2',197),
('Sucursal Centro Madam Tusan SAC','San Isidro','Lima','900000395','centro.madam@empresa.com','Responsable Madam 1',198),
('Sucursal Norte Madam Tusan SAC','Miraflores','Lima','900000396','norte.madam@empresa.com','Responsable Madam 2',198),
('Sucursal Centro Pikalo SAC','Los Olivos','Lima','900000397','centro.pikalo@empresa.com','Responsable Pikalo 1',199),
('Sucursal Norte Pikalo SAC','Comas','Lima','900000398','norte.pikalo@empresa.com','Responsable Pikalo 2',199),
('Sucursal Centro Don Belisario SAC','San Miguel','Lima','900000399','centro.belisario@empresa.com','Responsable Belisario 1',200),
('Sucursal Norte Don Belisario SAC','Surco','Lima','900000400','norte.belisario@empresa.com','Responsable Belisario 2',200),
('Sucursal Centro La Nacional SAC','San Isidro','Lima','900000401','centro.lanacional@empresa.com','Responsable Nacional 1',201),
('Sucursal Norte La Nacional SAC','Surco','Lima','900000402','norte.lanacional@empresa.com','Responsable Nacional 2',201),
('Sucursal Centro Popeyes Peru SAC','Miraflores','Lima','900000403','centro.popeyes@empresa.com','Responsable Popeyes 1',202),
('Sucursal Norte Popeyes Peru SAC','San Borja','Lima','900000404','norte.popeyes@empresa.com','Responsable Popeyes 2',202),
('Sucursal Centro Burger King SAC','San Isidro','Lima','900000405','centro.burgerking@empresa.com','Responsable Burger 1',203),
('Sucursal Norte Burger King SAC','Surco','Lima','900000406','norte.burgerking@empresa.com','Responsable Burger 2',203),
('Sucursal Centro Starbucks Peru SAC','Miraflores','Lima','900000407','centro.starbucks@empresa.com','Responsable Starbucks 1',204),
('Sucursal Norte Starbucks Peru SAC','San Isidro','Lima','900000408','norte.starbucks@empresa.com','Responsable Starbucks 2',204),
('Sucursal Centro Dunkin Donuts SAC','Lima Centro','Lima','900000409','centro.dunkin@empresa.com','Responsable Dunkin 1',205),
('Sucursal Norte Dunkin Donuts SAC','Surco','Lima','900000410','norte.dunkin@empresa.com','Responsable Dunkin 2',205),
('Sucursal Centro Juan Valdez SAC','Miraflores','Lima','900000411','centro.juanvaldez@empresa.com','Responsable Juan 1',206),
('Sucursal Norte Juan Valdez SAC','San Isidro','Lima','900000412','norte.juanvaldez@empresa.com','Responsable Juan 2',206),
('Sucursal Centro Cafe Britt SAC','Surco','Lima','900000413','centro.britt@empresa.com','Responsable Britt 1',207),
('Sucursal Norte Cafe Britt SAC','Miraflores','Lima','900000414','norte.britt@empresa.com','Responsable Britt 2',207),
('Sucursal Centro Glovo Peru SAC','San Isidro','Lima','900000415','centro.glovo@empresa.com','Responsable Glovo 1',208),
('Sucursal Norte Glovo Peru SAC','Surco','Lima','900000416','norte.glovo@empresa.com','Responsable Glovo 2',208),
('Sucursal Centro Linio Peru SAC','Miraflores','Lima','900000417','centro.linio@empresa.com','Responsable Linio 1',209),
('Sucursal Norte Linio Peru SAC','San Borja','Lima','900000418','norte.linio@empresa.com','Responsable Linio 2',209),
('Sucursal Centro Mercado Libre SAC','San Isidro','Lima','900000419','centro.mercadolibre@empresa.com','Responsable Mercado 1',210),
('Sucursal Norte Mercado Libre SAC','Surco','Lima','900000420','norte.mercadolibre@empresa.com','Responsable Mercado 2',210),
('Sucursal Centro OLX Peru SAC','Lima Centro','Lima','900000421','centro.olx@empresa.com','Responsable OLX 1',211),
('Sucursal Norte OLX Peru SAC','Comas','Lima','900000422','norte.olx@empresa.com','Responsable OLX 2',211),
('Sucursal Centro Platanitos SAC','San Isidro','Lima','900000423','centro.platanitos@empresa.com','Responsable Platanitos 1',212),
('Sucursal Norte Platanitos SAC','Surco','Lima','900000424','norte.platanitos@empresa.com','Responsable Platanitos 2',212),
('Sucursal Centro Coolbox SAC','Miraflores','Lima','900000425','centro.coolbox@empresa.com','Responsable Coolbox 1',213),
('Sucursal Norte Coolbox SAC','San Borja','Lima','900000426','norte.coolbox@empresa.com','Responsable Coolbox 2',213),
('Sucursal Centro iShop SAC','San Isidro','Lima','900000427','centro.ishop@empresa.com','Responsable iShop 1',214),
('Sucursal Norte iShop SAC','Miraflores','Lima','900000428','norte.ishop@empresa.com','Responsable iShop 2',214),
('Sucursal Centro MaxiAhorro SAC','Comas','Lima','900000429','centro.maxiahorro@empresa.com','Responsable Maxi 1',215),
('Sucursal Norte MaxiAhorro SAC','Los Olivos','Lima','900000430','norte.maxiahorro@empresa.com','Responsable Maxi 2',215),
('Sucursal Centro Mayorsa SAC','Lima Centro','Lima','900000431','centro.mayorsa@empresa.com','Responsable Mayorsa 1',216),
('Sucursal Norte Mayorsa SAC','Callao','Callao','900000432','norte.mayorsa@empresa.com','Responsable Mayorsa 2',216),
('Sucursal Centro Vega Mayorista SAC','Ate','Lima','900000433','centro.vega@empresa.com','Responsable Vega 1',217),
('Sucursal Norte Vega Mayorista SAC','Santa Anita','Lima','900000434','norte.vega@empresa.com','Responsable Vega 2',217),
('Sucursal Centro Price One SAC','San Isidro','Lima','900000435','centro.priceone@empresa.com','Responsable Price 1',218),
('Sucursal Norte Price One SAC','Surco','Lima','900000436','norte.priceone@empresa.com','Responsable Price 2',218),
('Sucursal Centro Casa Ideas SAC','Miraflores','Lima','900000437','centro.casaideas@empresa.com','Responsable Casa 1',219),
('Sucursal Norte Casa Ideas SAC','San Borja','Lima','900000438','norte.casaideas@empresa.com','Responsable Casa 2',219),
('Sucursal Centro Miniso Peru SAC','San Isidro','Lima','900000439','centro.miniso@empresa.com','Responsable Miniso 1',220),
('Sucursal Norte Miniso Peru SAC','Surco','Lima','900000440','norte.miniso@empresa.com','Responsable Miniso 2',220),
('Sucursal Centro Mumuso Peru SAC','Miraflores','Lima','900000441','centro.mumuso@empresa.com','Responsable Mumuso 1',221),
('Sucursal Norte Mumuso Peru SAC','San Isidro','Lima','900000442','norte.mumuso@empresa.com','Responsable Mumuso 2',221),
('Sucursal Centro H&M Peru SAC','San Isidro','Lima','900000443','centro.hm@empresa.com','Responsable H&M 1',222),
('Sucursal Norte H&M Peru SAC','Miraflores','Lima','900000444','norte.hm@empresa.com','Responsable H&M 2',222),
('Sucursal Centro Zara Peru SAC','Miraflores','Lima','900000445','centro.zara@empresa.com','Responsable Zara 1',223),
('Sucursal Norte Zara Peru SAC','San Isidro','Lima','900000446','norte.zara@empresa.com','Responsable Zara 2',223),
('Sucursal Centro Forever 21 SAC','San Borja','Lima','900000447','centro.forever21@empresa.com','Responsable Forever 1',224),
('Sucursal Norte Forever 21 SAC','Miraflores','Lima','900000448','norte.forever21@empresa.com','Responsable Forever 2',224),
('Sucursal Centro Mango Peru SAC','San Isidro','Lima','900000449','centro.mango@empresa.com','Responsable Mango 1',225),
('Sucursal Norte Mango Peru SAC','Surco','Lima','900000450','norte.mango@empresa.com','Responsable Mango 2',225),
('Sucursal Centro Colloky SAC','Lima Centro','Lima','900000451','centro.colloky@empresa.com','Responsable Colloky 1',226),
('Sucursal Norte Colloky SAC','Los Olivos','Lima','900000452','norte.colloky@empresa.com','Responsable Colloky 2',226),
('Sucursal Centro Baby Infanti SAC','Miraflores','Lima','900000453','centro.infanti@empresa.com','Responsable Infanti 1',227),
('Sucursal Norte Baby Infanti SAC','San Isidro','Lima','900000454','norte.infanti@empresa.com','Responsable Infanti 2',227),
('Sucursal Centro Oechsle Hogar SAC','Santa Anita','Lima','900000455','centro.oechslehogar@empresa.com','Responsable Hogar 1',228),
('Sucursal Norte Oechsle Hogar SAC','Surco','Lima','900000456','norte.oechslehogar@empresa.com','Responsable Hogar 2',228),
('Sucursal Centro Pandero SAC','San Isidro','Lima','900000457','centro.pandero@empresa.com','Responsable Pandero 1',229),
('Sucursal Norte Pandero SAC','Miraflores','Lima','900000458','norte.pandero@empresa.com','Responsable Pandero 2',229),
('Sucursal Centro Interseguro SAC','Surco','Lima','900000459','centro.interseguro@empresa.com','Responsable Inter 1',230),
('Sucursal Norte Interseguro SAC','San Isidro','Lima','900000460','norte.interseguro@empresa.com','Responsable Inter 2',230),
('Sucursal Centro Protecta SAC','Lima Centro','Lima','900000461','centro.protecta@empresa.com','Responsable Protecta 1',231),
('Sucursal Norte Protecta SAC','Los Olivos','Lima','900000462','norte.protecta@empresa.com','Responsable Protecta 2',231),
('Sucursal Centro AFP Integra SAC','San Isidro','Lima','900000463','centro.integra@empresa.com','Responsable Integra 1',232),
('Sucursal Norte AFP Integra SAC','Miraflores','Lima','900000464','norte.integra@empresa.com','Responsable Integra 2',232),
('Sucursal Centro Prima AFP SAC','Surco','Lima','900000465','centro.prima@empresa.com','Responsable Prima 1',233),
('Sucursal Norte Prima AFP SAC','San Borja','Lima','900000466','norte.prima@empresa.com','Responsable Prima 2',233),
('Sucursal Centro Profuturo AFP SAC','San Isidro','Lima','900000467','centro.profuturo@empresa.com','Responsable Profuturo 1',234),
('Sucursal Norte Profuturo AFP SAC','Miraflores','Lima','900000468','norte.profuturo@empresa.com','Responsable Profuturo 2',234),
('Sucursal Centro Habitat AFP SAC','Lima Centro','Lima','900000469','centro.habitat@empresa.com','Responsable Habitat 1',235),
('Sucursal Norte Habitat AFP SAC','Surco','Lima','900000470','norte.habitat@empresa.com','Responsable Habitat 2',235),
('Sucursal Centro Sunarp SAC','Lima Centro','Lima','900000471','centro.sunarp@empresa.com','Responsable Sunarp 1',236),
('Sucursal Norte Sunarp SAC','San Isidro','Lima','900000472','norte.sunarp@empresa.com','Responsable Sunarp 2',236),
('Sucursal Centro Sunat SAC','Lima Centro','Lima','900000473','centro.sunat@empresa.com','Responsable Sunat 1',237),
('Sucursal Norte Sunat SAC','San Borja','Lima','900000474','norte.sunat@empresa.com','Responsable Sunat 2',237),
('Sucursal Centro Reniec SAC','Lima Centro','Lima','900000475','centro.reniec@empresa.com','Responsable Reniec 1',238),
('Sucursal Norte Reniec SAC','Surco','Lima','900000476','norte.reniec@empresa.com','Responsable Reniec 2',238),
('Sucursal Centro Indecopi SAC','San Isidro','Lima','900000477','centro.indecopi@empresa.com','Responsable Indecopi 1',239),
('Sucursal Norte Indecopi SAC','Miraflores','Lima','900000478','norte.indecopi@empresa.com','Responsable Indecopi 2',239),
('Sucursal Centro Osiptel SAC','Lima Centro','Lima','900000479','centro.osiptel@empresa.com','Responsable Osiptel 1',240),
('Sucursal Norte Osiptel SAC','San Borja','Lima','900000480','norte.osiptel@empresa.com','Responsable Osiptel 2',240),
('Sucursal Centro Osinergmin SAC','San Isidro','Lima','900000481','centro.osinergmin@empresa.com','Responsable Osinergmin 1',241),
('Sucursal Norte Osinergmin SAC','Miraflores','Lima','900000482','norte.osinergmin@empresa.com','Responsable Osinergmin 2',241),
('Sucursal Centro Sutran SAC','Lima Centro','Lima','900000483','centro.sutran@empresa.com','Responsable Sutran 1',242),
('Sucursal Norte Sutran SAC','San Borja','Lima','900000484','norte.sutran@empresa.com','Responsable Sutran 2',242),
('Sucursal Centro Sutran SAC','Lima Centro','Lima','900000483','centro.sutran@empresa.com','Responsable Sutran 1',242),
('Sucursal Norte Sutran SAC','San Borja','Lima','900000484','norte.sutran@empresa.com','Responsable Sutran 2',242),
('Sucursal Centro MTC SAC','Lima Centro','Lima','900000485','centro.mtc@empresa.com','Responsable MTC 1',243),
('Sucursal Norte MTC SAC','San Isidro','Lima','900000486','norte.mtc@empresa.com','Responsable MTC 2',243),
('Sucursal Centro Produce SAC','Lima Centro','Lima','900000487','centro.produce@empresa.com','Responsable Produce 1',244),
('Sucursal Norte Produce SAC','Callao','Callao','900000488','norte.produce@empresa.com','Responsable Produce 2',244),
('Sucursal Centro Minedu SAC','Lima Centro','Lima','900000489','centro.minedu@empresa.com','Responsable Minedu 1',245),
('Sucursal Norte Minedu SAC','San Borja','Lima','900000490','norte.minedu@empresa.com','Responsable Minedu 2',245),
('Sucursal Centro Midis SAC','San Isidro','Lima','900000491','centro.midis@empresa.com','Responsable Midis 1',246),
('Sucursal Norte Midis SAC','Miraflores','Lima','900000492','norte.midis@empresa.com','Responsable Midis 2',246),
('Sucursal Centro Poder Judicial SAC','Lima Centro','Lima','900000493','centro.pj@empresa.com','Responsable PJ 1',247),
('Sucursal Norte Poder Judicial SAC','San Isidro','Lima','900000494','norte.pj@empresa.com','Responsable PJ 2',247),
('Sucursal Centro Ministerio Publico SAC','Lima Centro','Lima','900000495','centro.mp@empresa.com','Responsable MP 1',248),
('Sucursal Norte Ministerio Publico SAC','San Borja','Lima','900000496','norte.mp@empresa.com','Responsable MP 2',248),
('Sucursal Centro Banco de la Nacion SAC','San Isidro','Lima','900000497','centro.bn@empresa.com','Responsable BN 1',249),
('Sucursal Norte Banco de la Nacion SAC','Miraflores','Lima','900000498','norte.bn@empresa.com','Responsable BN 2',249),
('Sucursal Centro Agrobanco SAC','Lima Centro','Lima','900000499','centro.agrobanco@empresa.com','Responsable Agro 1',250),
('Sucursal Norte Agrobanco SAC','Los Olivos','Lima','900000500','norte.agrobanco@empresa.com','Responsable Agro 2',250),
('Sucursal Centro Cofide SAC','San Isidro','Lima','900000501','centro.cofide@empresa.com','Responsable Cofide 1',251),
('Sucursal Norte Cofide SAC','Miraflores','Lima','900000502','norte.cofide@empresa.com','Responsable Cofide 2',251),
('Sucursal Centro Caja Trujillo SAC','Trujillo','La Libertad','900000503','centro.trujillo@empresa.com','Responsable Trujillo 1',252),
('Sucursal Norte Caja Trujillo SAC','Lima','Lima','900000504','norte.trujillo@empresa.com','Responsable Trujillo 2',252),
('Sucursal Centro Caja Sullana SAC','Sullana','Piura','900000505','centro.sullana@empresa.com','Responsable Sullana 1',253),
('Sucursal Norte Caja Sullana SAC','Piura','Piura','900000506','norte.sullana@empresa.com','Responsable Sullana 2',253),
('Sucursal Centro Caja Tacna SAC','Tacna','Tacna','900000507','centro.tacna@empresa.com','Responsable Tacna 1',254),
('Sucursal Norte Caja Tacna SAC','Lima','Lima','900000508','norte.tacna@empresa.com','Responsable Tacna 2',254),
('Sucursal Centro Caja Cusco SAC','Cusco','Cusco','900000509','centro.cusco@empresa.com','Responsable Cusco 1',255),
('Sucursal Norte Caja Cusco SAC','Lima','Lima','900000510','norte.cusco@empresa.com','Responsable Cusco 2',255),
('Sucursal Centro Caja Ica SAC','Ica','Ica','900000511','centro.ica@empresa.com','Responsable Ica 1',256),
('Sucursal Norte Caja Ica SAC','Lima','Lima','900000512','norte.ica@empresa.com','Responsable Ica 2',256),
('Sucursal Centro Bitel Business SAC','San Isidro','Lima','900000513','centro.bitelbiz@empresa.com','Responsable Bitel Biz 1',257),
('Sucursal Norte Bitel Business SAC','Surco','Lima','900000514','norte.bitelbiz@empresa.com','Responsable Bitel Biz 2',257),
('Sucursal Centro Claro Empresas SAC','Miraflores','Lima','900000515','centro.claroemp@empresa.com','Responsable Claro Emp 1',258),
('Sucursal Norte Claro Empresas SAC','San Borja','Lima','900000516','norte.claroemp@empresa.com','Responsable Claro Emp 2',258),
('Sucursal Centro Movistar Empresas SAC','San Isidro','Lima','900000517','centro.movemp@empresa.com','Responsable Movistar Emp 1',259),
('Sucursal Norte Movistar Empresas SAC','Surco','Lima','900000518','norte.movemp@empresa.com','Responsable Movistar Emp 2',259),
('Sucursal Centro Entel Empresas SAC','Miraflores','Lima','900000519','centro.entelemp@empresa.com','Responsable Entel Emp 1',260),
('Sucursal Norte Entel Empresas SAC','San Borja','Lima','900000520','norte.entelemp@empresa.com','Responsable Entel Emp 2',260),
('Sucursal Centro Win Internet SAC','San Isidro','Lima','900000521','centro.win@empresa.com','Responsable Win 1',261),
('Sucursal Norte Win Internet SAC','Surco','Lima','900000522','norte.win@empresa.com','Responsable Win 2',261),
('Sucursal Centro Nubyx SAC','Miraflores','Lima','900000523','centro.nubyx@empresa.com','Responsable Nubyx 1',262),
('Sucursal Norte Nubyx SAC','San Borja','Lima','900000524','norte.nubyx@empresa.com','Responsable Nubyx 2',262),
('Sucursal Centro Fiberlux SAC','San Isidro','Lima','900000525','centro.fiberlux@empresa.com','Responsable Fiberlux 1',263),
('Sucursal Norte Fiberlux SAC','Surco','Lima','900000526','norte.fiberlux@empresa.com','Responsable Fiberlux 2',263),
('Sucursal Centro Optical Networks SAC','Lima Centro','Lima','900000527','centro.optical@empresa.com','Responsable Optical 1',264),
('Sucursal Norte Optical Networks SAC','Los Olivos','Lima','900000528','norte.optical@empresa.com','Responsable Optical 2',264),
('Sucursal Centro Bitel Hogar SAC','San Isidro','Lima','900000529','centro.bitelhogar@empresa.com','Responsable Bitel Hogar 1',265),
('Sucursal Norte Bitel Hogar SAC','Surco','Lima','900000530','norte.bitelhogar@empresa.com','Responsable Bitel Hogar 2',265),
('Sucursal Centro Cálidda SAC','San Borja','Lima','900000531','centro.calidda@empresa.com','Responsable Cálidda 1',266),
('Sucursal Norte Cálidda SAC','Miraflores','Lima','900000532','norte.calidda@empresa.com','Responsable Cálidda 2',266),
('Sucursal Centro Petroamerica SAC','Callao','Callao','900000533','centro.petroamerica@empresa.com','Responsable Petroamerica 1',267),
('Sucursal Norte Petroamerica SAC','Ventanilla','Callao','900000534','norte.petroamerica@empresa.com','Responsable Petroamerica 2',267),
('Sucursal Centro Repsol Peru SAC','San Isidro','Lima','900000535','centro.repsol@empresa.com','Responsable Repsol 1',268),
('Sucursal Norte Repsol Peru SAC','Surco','Lima','900000536','norte.repsol@empresa.com','Responsable Repsol 2',268),
('Sucursal Centro Pecsa SAC','Lima Centro','Lima','900000537','centro.pecsa@empresa.com','Responsable Pecsa 1',269),
('Sucursal Norte Pecsa SAC','San Borja','Lima','900000538','norte.pecsa@empresa.com','Responsable Pecsa 2',269),
('Sucursal Centro Terpel Peru SAC','Miraflores','Lima','900000539','centro.terpel@empresa.com','Responsable Terpel 1',270),
('Sucursal Norte Terpel Peru SAC','Surco','Lima','900000540','norte.terpel@empresa.com','Responsable Terpel 2',270),
('Sucursal Centro Vivanda SAC','San Isidro','Lima','900000541','centro.vivanda@empresa.com','Responsable Vivanda 1',271),
('Sucursal Norte Vivanda SAC','Miraflores','Lima','900000542','norte.vivanda@empresa.com','Responsable Vivanda 2',271),
('Sucursal Centro Makita Peru SAC','Ate','Lima','900000543','centro.makita@empresa.com','Responsable Makita 1',272),
('Sucursal Norte Makita Peru SAC','Santa Anita','Lima','900000544','norte.makita@empresa.com','Responsable Makita 2',272),
('Sucursal Centro Bosch Peru SAC','San Isidro','Lima','900000545','centro.bosch@empresa.com','Responsable Bosch 1',273),
('Sucursal Norte Bosch Peru SAC','Surco','Lima','900000546','norte.bosch@empresa.com','Responsable Bosch 2',273),
('Sucursal Centro 3M Peru SAC','Miraflores','Lima','900000547','centro.3m@empresa.com','Responsable 3M 1',274),
('Sucursal Norte 3M Peru SAC','San Borja','Lima','900000548','norte.3m@empresa.com','Responsable 3M 2',274),
('Sucursal Centro Nestle Peru SAC','San Isidro','Lima','900000549','centro.nestle@empresa.com','Responsable Nestle 1',275),
('Sucursal Norte Nestle Peru SAC','Surco','Lima','900000550','norte.nestle@empresa.com','Responsable Nestle 2',275),
('Sucursal Centro Mondelez Peru SAC','Lima Centro','Lima','900000551','centro.mondelez@empresa.com','Responsable Mondelez 1',276),
('Sucursal Norte Mondelez Peru SAC','Miraflores','Lima','900000552','norte.mondelez@empresa.com','Responsable Mondelez 2',276),
('Sucursal Centro Molitalia SAC','Callao','Callao','900000553','centro.molitalia@empresa.com','Responsable Molitalia 1',277),
('Sucursal Norte Molitalia SAC','Ventanilla','Callao','900000554','norte.molitalia@empresa.com','Responsable Molitalia 2',277),
('Sucursal Centro Ajinomoto Peru SAC','Ate','Lima','900000555','centro.ajinomoto@empresa.com','Responsable Ajinomoto 1',278),
('Sucursal Norte Ajinomoto Peru SAC','Santa Anita','Lima','900000556','norte.ajinomoto@empresa.com','Responsable Ajinomoto 2',278),
('Sucursal Centro Red Bull Peru SAC','San Isidro','Lima','900000557','centro.redbull@empresa.com','Responsable Red Bull 1',279),
('Sucursal Norte Red Bull Peru SAC','Surco','Lima','900000558','norte.redbull@empresa.com','Responsable Red Bull 2',279),
('Sucursal Centro PepsiCo Peru SAC','Lima Centro','Lima','900000559','centro.pepsico@empresa.com','Responsable PepsiCo 1',280),
('Sucursal Norte PepsiCo Peru SAC','San Borja','Lima','900000560','norte.pepsico@empresa.com','Responsable PepsiCo 2',280),
('Sucursal Centro Danper SAC','Trujillo','La Libertad','900000561','centro.danper@empresa.com','Responsable Danper 1',281),
('Sucursal Norte Danper SAC','Chao','La Libertad','900000562','norte.danper@empresa.com','Responsable Danper 2',281),
('Sucursal Centro Camposol SAC','Chao','La Libertad','900000563','centro.camposol@empresa.com','Responsable Camposol 1',282),
('Sucursal Norte Camposol SAC','Virú','La Libertad','900000564','norte.camposol@empresa.com','Responsable Camposol 2',282),
('Sucursal Centro Viru SAC','Virú','La Libertad','900000565','centro.viru@empresa.com','Responsable Viru 1',283),
('Sucursal Norte Viru SAC','Trujillo','La Libertad','900000566','norte.viru@empresa.com','Responsable Viru 2',283),
('Sucursal Centro Agrovision SAC','Ica','Ica','900000567','centro.agrovision@empresa.com','Responsable Agrovision 1',284),
('Sucursal Norte Agrovision SAC','Pisco','Ica','900000568','norte.agrovision@empresa.com','Responsable Agrovision 2',284),
('Sucursal Centro Talsa SAC','Lima Centro','Lima','900000569','centro.talsa@empresa.com','Responsable Talsa 1',285),
('Sucursal Norte Talsa SAC','Callao','Callao','900000570','norte.talsa@empresa.com','Responsable Talsa 2',285),
('Sucursal Centro Frusan SAC','Chincha','Ica','900000571','centro.frusan@empresa.com','Responsable Frusan 1',286),
('Sucursal Norte Frusan SAC','Ica','Ica','900000572','norte.frusan@empresa.com','Responsable Frusan 2',286),
('Sucursal Centro Agrokasa SAC','Ica','Ica','900000573','centro.agrokasa@empresa.com','Responsable Agrokasa 1',287),
('Sucursal Norte Agrokasa SAC','Lima','Lima','900000574','norte.agrokasa@empresa.com','Responsable Agrokasa 2',287),
('Sucursal Centro Green Peru SAC','Huaral','Lima','900000575','centro.green@empresa.com','Responsable Green 1',288),
('Sucursal Norte Green Peru SAC','Lima','Lima','900000576','norte.green@empresa.com','Responsable Green 2',288),
('Sucursal Centro Textil San Ramon SAC','Lima Centro','Lima','900000577','centro.sanramon@empresa.com','Responsable Textil 1',289),
('Sucursal Norte Textil San Ramon SAC','Ate','Lima','900000578','norte.sanramon@empresa.com','Responsable Textil 2',289),
('Sucursal Centro Creditex SAC','Callao','Callao','900000579','centro.creditex@empresa.com','Responsable Creditex 1',290),
('Sucursal Norte Creditex SAC','Ventanilla','Callao','900000580','norte.creditex@empresa.com','Responsable Creditex 2',290),
('Sucursal Centro Textimax SAC','Lima Centro','Lima','900000581','centro.textimax@empresa.com','Responsable Textimax 1',291),
('Sucursal Norte Textimax SAC','Los Olivos','Lima','900000582','norte.textimax@empresa.com','Responsable Textimax 2',291),
('Sucursal Centro Michell SAC','Arequipa','Arequipa','900000583','centro.michell@empresa.com','Responsable Michell 1',292),
('Sucursal Norte Michell SAC','Lima','Lima','900000584','norte.michell@empresa.com','Responsable Michell 2',292),
('Sucursal Centro Incalpaca SAC','Arequipa','Arequipa','900000585','centro.incalpaca@empresa.com','Responsable Incalpaca 1',293),
('Sucursal Norte Incalpaca SAC','Lima','Lima','900000586','norte.incalpaca@empresa.com','Responsable Incalpaca 2',293),
('Sucursal Centro Textiles Camones SAC','Ate','Lima','900000587','centro.camones@empresa.com','Responsable Camones 1',294),
('Sucursal Norte Textiles Camones SAC','Santa Anita','Lima','900000588','norte.camones@empresa.com','Responsable Camones 2',294),
('Sucursal Centro Hidrandina SAC','Trujillo','La Libertad','900000589','centro.hidrandina@empresa.com','Responsable Hidrandina 1',295),
('Sucursal Norte Hidrandina SAC','Chimbote','Áncash','900000590','norte.hidrandina@empresa.com','Responsable Hidrandina 2',295),
('Sucursal Centro SEAL SAC','Arequipa','Arequipa','900000591','centro.seal@empresa.com','Responsable SEAL 1',296),
('Sucursal Norte SEAL SAC','Camaná','Arequipa','900000592','norte.seal@empresa.com','Responsable SEAL 2',296),
('Sucursal Centro Electrocentro SAC','Huancayo','Junín','900000593','centro.electrocentro@empresa.com','Responsable Electrocentro 1',297),
('Sucursal Norte Electrocentro SAC','Tarma','Junín','900000594','norte.electrocentro@empresa.com','Responsable Electrocentro 2',297),
('Sucursal Centro Electronoroeste SAC','Piura','Piura','900000595','centro.electro@empresa.com','Responsable Electro 1',298),
('Sucursal Norte Electronoroeste SAC','Sullana','Piura','900000596','norte.electro@empresa.com','Responsable Electro 2',298),
('Sucursal Centro Electrosur SAC','Tacna','Tacna','900000597','centro.electrosur@empresa.com','Responsable Electrosur 1',299),
('Sucursal Norte Electrosur SAC','Moquegua','Moquegua','900000598','norte.electrosur@empresa.com','Responsable Electrosur 2',299),
('Sucursal Centro SEAL Gas SAC','Arequipa','Arequipa','900000599','centro.sealgas@empresa.com','Responsable SEAL Gas 1',300),
('Sucursal Norte SEAL Gas SAC','Lima','Lima','900000600','norte.sealgas@empresa.com','Responsable SEAL Gas 2',300),
('Sucursal Centro Atento Peru SAC','San Isidro','Lima','900000601','centro.atento@empresa.com','Responsable Atento 1',301),
('Sucursal Norte Atento Peru SAC','Surco','Lima','900000602','norte.atento@empresa.com','Responsable Atento 2',301),
('Sucursal Centro Konecta Peru SAC','Miraflores','Lima','900000603','centro.konecta@empresa.com','Responsable Konecta 1',302),
('Sucursal Norte Konecta Peru SAC','San Borja','Lima','900000604','norte.konecta@empresa.com','Responsable Konecta 2',302),
('Sucursal Centro Teleperformance SAC','San Isidro','Lima','900000605','centro.teleperformance@empresa.com','Responsable TP 1',303),
('Sucursal Norte Teleperformance SAC','Surco','Lima','900000606','norte.teleperformance@empresa.com','Responsable TP 2',303),
('Sucursal Centro Sitel Peru SAC','Lima Centro','Lima','900000607','centro.sitel@empresa.com','Responsable Sitel 1',304),
('Sucursal Norte Sitel Peru SAC','Los Olivos','Lima','900000608','norte.sitel@empresa.com','Responsable Sitel 2',304),
('Sucursal Centro Adecco Peru SAC','San Isidro','Lima','900000609','centro.adecco@empresa.com','Responsable Adecco 1',305),
('Sucursal Norte Adecco Peru SAC','Miraflores','Lima','900000610','norte.adecco@empresa.com','Responsable Adecco 2',305),
('Sucursal Centro Manpower Peru SAC','San Borja','Lima','900000611','centro.manpower@empresa.com','Responsable Manpower 1',306),
('Sucursal Norte Manpower Peru SAC','Surco','Lima','900000612','norte.manpower@empresa.com','Responsable Manpower 2',306),
('Sucursal Centro Overall SAC','Lima Centro','Lima','900000613','centro.overall@empresa.com','Responsable Overall 1',307),
('Sucursal Norte Overall SAC','Ate','Lima','900000614','norte.overall@empresa.com','Responsable Overall 2',307),
('Sucursal Centro Tawa SAC','San Isidro','Lima','900000615','centro.tawa@empresa.com','Responsable Tawa 1',308),
('Sucursal Norte Tawa SAC','Surco','Lima','900000616','norte.tawa@empresa.com','Responsable Tawa 2',308),
('Sucursal Centro Buro Group SAC','Miraflores','Lima','900000617','centro.buro@empresa.com','Responsable Buro 1',309),
('Sucursal Norte Buro Group SAC','San Borja','Lima','900000618','norte.buro@empresa.com','Responsable Buro 2',309),
('Sucursal Centro Los Andes SAC','Huancayo','Junín','900000619','centro.losandes@empresa.com','Responsable Andes 1',310),
('Sucursal Norte Los Andes SAC','Lima','Lima','900000620','norte.losandes@empresa.com','Responsable Andes 2',310),
('Sucursal Centro Andino SAC','Cusco','Cusco','900000621','centro.andino@empresa.com','Responsable Andino 1',311),
('Sucursal Norte Andino SAC','Lima','Lima','900000622','norte.andino@empresa.com','Responsable Andino 2',311),
('Sucursal Centro Turismo Peru SAC','Cusco','Cusco','900000623','centro.turismo@empresa.com','Responsable Turismo 1',312),
('Sucursal Norte Turismo Peru SAC','Lima Centro','Lima','900000624','norte.turismo@empresa.com','Responsable Turismo 2',312),
('Sucursal Centro Viajes Falabella SAC','Miraflores','Lima','900000625','centro.viajes@empresa.com','Responsable Viajes 1',313),
('Sucursal Norte Viajes Falabella SAC','San Isidro','Lima','900000626','norte.viajes@empresa.com','Responsable Viajes 2',313),
('Sucursal Centro Costamar SAC','San Borja','Lima','900000627','centro.costamar@empresa.com','Responsable Costamar 1',314),
('Sucursal Norte Costamar SAC','Surco','Lima','900000628','norte.costamar@empresa.com','Responsable Costamar 2',314),
('Sucursal Centro Despegar Peru SAC','Miraflores','Lima','900000629','centro.despegar@empresa.com','Responsable Despegar 1',315),
('Sucursal Norte Despegar Peru SAC','San Isidro','Lima','900000630','norte.despegar@empresa.com','Responsable Despegar 2',315),
('Sucursal Centro Inkaterra SAC','Cusco','Cusco','900000631','centro.inkaterra@empresa.com','Responsable Inkaterra 1',316),
('Sucursal Norte Inkaterra SAC','Lima','Lima','900000632','norte.inkaterra@empresa.com','Responsable Inkaterra 2',316),
('Sucursal Centro Casa Andina SAC','Cusco','Cusco','900000633','centro.casaandina@empresa.com','Responsable Casa 1',317),
('Sucursal Norte Casa Andina SAC','Lima','Lima','900000634','norte.casaandina@empresa.com','Responsable Casa 2',317),
('Sucursal Centro Libertador SAC','Lima Centro','Lima','900000635','centro.libertador@empresa.com','Responsable Libertador 1',318),
('Sucursal Norte Libertador SAC','Miraflores','Lima','900000636','norte.libertador@empresa.com','Responsable Libertador 2',318),
('Sucursal Centro Belmond Peru SAC','Cusco','Cusco','900000637','centro.belmond@empresa.com','Responsable Belmond 1',319),
('Sucursal Norte Belmond Peru SAC','Lima','Lima','900000638','norte.belmond@empresa.com','Responsable Belmond 2',319),
('Sucursal Centro Marriott Peru SAC','San Isidro','Lima','900000639','centro.marriott@empresa.com','Responsable Marriott 1',320),
('Sucursal Norte Marriott Peru SAC','Miraflores','Lima','900000640','norte.marriott@empresa.com','Responsable Marriott 2',320),
('Sucursal Centro Hilton Peru SAC','San Isidro','Lima','900000641','centro.hilton@empresa.com','Responsable Hilton 1',321),
('Sucursal Norte Hilton Peru SAC','Miraflores','Lima','900000642','norte.hilton@empresa.com','Responsable Hilton 2',321),
('Sucursal Centro Novotel Peru SAC','San Borja','Lima','900000643','centro.novotel@empresa.com','Responsable Novotel 1',322),
('Sucursal Norte Novotel Peru SAC','Surco','Lima','900000644','norte.novotel@empresa.com','Responsable Novotel 2',322),
('Sucursal Centro Ibis Peru SAC','Lima Centro','Lima','900000645','centro.ibis@empresa.com','Responsable Ibis 1',323),
('Sucursal Norte Ibis Peru SAC','Ate','Lima','900000646','norte.ibis@empresa.com','Responsable Ibis 2',323),
('Sucursal Centro Costa del Sol SAC','Trujillo','La Libertad','900000647','centro.costadelsol@empresa.com','Responsable Costa 1',324),
('Sucursal Norte Costa del Sol SAC','Piura','Piura','900000648','norte.costadelsol@empresa.com','Responsable Costa 2',324),
('Sucursal Centro Inkafarma Express SAC','Miraflores','Lima','900000649','centro.inkafarmaexp@empresa.com','Responsable Inkafarma Exp 1',325),
('Sucursal Norte Inkafarma Express SAC','San Isidro','Lima','900000650','norte.inkafarmaexp@empresa.com','Responsable Inkafarma Exp 2',325),
('Sucursal Centro Boticas Peru SAC','Lima Centro','Lima','900000651','centro.boticas@empresa.com','Responsable Boticas 1',326),
('Sucursal Norte Boticas Peru SAC','Los Olivos','Lima','900000652','norte.boticas@empresa.com','Responsable Boticas 2',326),
('Sucursal Centro Boticas Arcangel SAC','Surco','Lima','900000653','centro.arcangel@empresa.com','Responsable Arcangel 1',327),
('Sucursal Norte Boticas Arcangel SAC','San Borja','Lima','900000654','norte.arcangel@empresa.com','Responsable Arcangel 2',327),
('Sucursal Centro Farmacias Peruanas SAC','Lima Centro','Lima','900000655','centro.farmacias@empresa.com','Responsable Farmacias 1',328),
('Sucursal Norte Farmacias Peruanas SAC','Miraflores','Lima','900000656','norte.farmacias@empresa.com','Responsable Farmacias 2',328),
('Sucursal Centro Roche SAC','San Isidro','Lima','900000657','centro.roche@empresa.com','Responsable Roche 1',329),
('Sucursal Norte Roche SAC','Surco','Lima','900000658','norte.roche@empresa.com','Responsable Roche 2',329),
('Sucursal Centro Pfizer Peru SAC','San Isidro','Lima','900000659','centro.pfizer@empresa.com','Responsable Pfizer 1',330),
('Sucursal Norte Pfizer Peru SAC','Miraflores','Lima','900000660','norte.pfizer@empresa.com','Responsable Pfizer 2',330),
('Sucursal Centro Bayer Peru SAC','Lima Centro','Lima','900000661','centro.bayer@empresa.com','Responsable Bayer 1',331),
('Sucursal Norte Bayer Peru SAC','San Borja','Lima','900000662','norte.bayer@empresa.com','Responsable Bayer 2',331),
('Sucursal Centro Abbott Peru SAC','San Isidro','Lima','900000663','centro.abbott@empresa.com','Responsable Abbott 1',332),
('Sucursal Norte Abbott Peru SAC','Surco','Lima','900000664','norte.abbott@empresa.com','Responsable Abbott 2',332),
('Sucursal Centro Johnson Peru SAC','Miraflores','Lima','900000665','centro.johnson@empresa.com','Responsable Johnson 1',333),
('Sucursal Norte Johnson Peru SAC','San Borja','Lima','900000666','norte.johnson@empresa.com','Responsable Johnson 2',333),
('Sucursal Centro Medifarma SAC','Lima Centro','Lima','900000667','centro.medifarma@empresa.com','Responsable Medifarma 1',334),
('Sucursal Norte Medifarma SAC','Ate','Lima','900000668','norte.medifarma@empresa.com','Responsable Medifarma 2',334),
('Sucursal Centro Hersil SAC','Callao','Callao','900000669','centro.hersil@empresa.com','Responsable Hersil 1',335),
('Sucursal Norte Hersil SAC','Ventanilla','Callao','900000670','norte.hersil@empresa.com','Responsable Hersil 2',335),
('Sucursal Centro Portugal SAC','San Isidro','Lima','900000671','centro.portugal@empresa.com','Responsable Portugal 1',336),
('Sucursal Norte Portugal SAC','Miraflores','Lima','900000672','norte.portugal@empresa.com','Responsable Portugal 2',336),
('Sucursal Centro Sanitas SAC','Surco','Lima','900000673','centro.sanitas@empresa.com','Responsable Sanitas 1',337),
('Sucursal Norte Sanitas SAC','San Borja','Lima','900000674','norte.sanitas@empresa.com','Responsable Sanitas 2',337),
('Sucursal Centro Quicorp SAC','Lima Centro','Lima','900000675','centro.quicorp@empresa.com','Responsable Quicorp 1',338),
('Sucursal Norte Quicorp SAC','Miraflores','Lima','900000676','norte.quicorp@empresa.com','Responsable Quicorp 2',338),
('Sucursal Centro Auna SAC','San Isidro','Lima','900000677','centro.auna@empresa.com','Responsable Auna 1',339),
('Sucursal Norte Auna SAC','Surco','Lima','900000678','norte.auna@empresa.com','Responsable Auna 2',339),
('Sucursal Centro Oncosalud SAC','Miraflores','Lima','900000679','centro.oncosalud@empresa.com','Responsable Onco 1',340),
('Sucursal Norte Oncosalud SAC','San Borja','Lima','900000680','norte.oncosalud@empresa.com','Responsable Onco 2',340),
('Sucursal Centro SANNA SAC','San Isidro','Lima','900000681','centro.sanna@empresa.com','Responsable SANNA 1',341),
('Sucursal Norte SANNA SAC','Surco','Lima','900000682','norte.sanna@empresa.com','Responsable SANNA 2',341),
('Sucursal Centro Clinica Stella Maris SAC','San Isidro','Lima','900000683','centro.stellamaris@empresa.com','Responsable Stella 1',342),
('Sucursal Norte Clinica Stella Maris SAC','Miraflores','Lima','900000684','norte.stellamaris@empresa.com','Responsable Stella 2',342),
('Sucursal Centro Clinica San Felipe SAC','San Isidro','Lima','900000685','centro.sanfelipe@empresa.com','Responsable San Felipe 1',343),
('Sucursal Norte Clinica San Felipe SAC','Surco','Lima','900000686','norte.sanfelipe@empresa.com','Responsable San Felipe 2',343),
('Sucursal Centro Clinica Javier Prado SAC','San Isidro','Lima','900000687','centro.javierprado@empresa.com','Responsable Javier 1',344),
('Sucursal Norte Clinica Javier Prado SAC','Miraflores','Lima','900000688','norte.javierprado@empresa.com','Responsable Javier 2',344),
('Sucursal Centro Clinica Vesalio SAC','San Borja','Lima','900000689','centro.vesalio@empresa.com','Responsable Vesalio 1',345),
('Sucursal Norte Clinica Vesalio SAC','Surco','Lima','900000690','norte.vesalio@empresa.com','Responsable Vesalio 2',345),
('Sucursal Centro Clinica Montefiori SAC','Surco','Lima','900000691','centro.montefiori@empresa.com','Responsable Montefiori 1',346),
('Sucursal Norte Clinica Montefiori SAC','San Isidro','Lima','900000692','norte.montefiori@empresa.com','Responsable Montefiori 2',346),
('Sucursal Centro Laboratorio Roe SAC','Miraflores','Lima','900000693','centro.roe@empresa.com','Responsable Roe 1',347),
('Sucursal Norte Laboratorio Roe SAC','San Borja','Lima','900000694','norte.roe@empresa.com','Responsable Roe 2',347),
('Sucursal Centro Synlab Peru SAC','San Isidro','Lima','900000695','centro.synlab@empresa.com','Responsable Synlab 1',348),
('Sucursal Norte Synlab Peru SAC','Surco','Lima','900000696','norte.synlab@empresa.com','Responsable Synlab 2',348),
('Sucursal Centro Ferreycorp SAC','San Isidro','Lima','900000697','centro.ferreycorp@empresa.com','Responsable Ferreycorp 1',349),
('Sucursal Norte Ferreycorp SAC','Ate','Lima','900000698','norte.ferreycorp@empresa.com','Responsable Ferreycorp 2',349),
('Sucursal Centro Modasa SAC','Lima Centro','Lima','900000699','centro.modasa@empresa.com','Responsable Modasa 1',350),
('Sucursal Norte Modasa SAC','Callao','Callao','900000700','norte.modasa@empresa.com','Responsable Modasa 2',350),
('Sucursal Centro Derco Peru SAC','Surco','Lima','900000701','centro.derco@empresa.com','Responsable Derco 1',351),
('Sucursal Norte Derco Peru SAC','San Borja','Lima','900000702','norte.derco@empresa.com','Responsable Derco 2',351),
('Sucursal Centro Toyota Peru SAC','San Isidro','Lima','900000703','centro.toyota@empresa.com','Responsable Toyota 1',352),
('Sucursal Norte Toyota Peru SAC','Miraflores','Lima','900000704','norte.toyota@empresa.com','Responsable Toyota 2',352),
('Sucursal Centro Nissan Peru SAC','Surco','Lima','900000705','centro.nissan@empresa.com','Responsable Nissan 1',353),
('Sucursal Norte Nissan Peru SAC','San Borja','Lima','900000706','norte.nissan@empresa.com','Responsable Nissan 2',353),
('Sucursal Centro Kia Motors SAC','San Isidro','Lima','900000707','centro.kia@empresa.com','Responsable Kia 1',354),
('Sucursal Norte Kia Motors SAC','Miraflores','Lima','900000708','norte.kia@empresa.com','Responsable Kia 2',354),
('Sucursal Centro Hyundai Peru SAC','Surco','Lima','900000709','centro.hyundai@empresa.com','Responsable Hyundai 1',355),
('Sucursal Norte Hyundai Peru SAC','San Borja','Lima','900000710','norte.hyundai@empresa.com','Responsable Hyundai 2',355),
('Sucursal Centro Volvo Peru SAC','San Isidro','Lima','900000711','centro.volvo@empresa.com','Responsable Volvo 1',356),
('Sucursal Norte Volvo Peru SAC','Miraflores','Lima','900000712','norte.volvo@empresa.com','Responsable Volvo 2',356),
('Sucursal Centro Scania Peru SAC','Callao','Callao','900000713','centro.scania@empresa.com','Responsable Scania 1',357),
('Sucursal Norte Scania Peru SAC','Ventanilla','Callao','900000714','norte.scania@empresa.com','Responsable Scania 2',357),
('Sucursal Centro Cruz del Sur Transporte SAC','La Victoria','Lima','900000715','centro.cruztrans@empresa.com','Responsable Cruz 1',358),
('Sucursal Norte Cruz del Sur Transporte SAC','Independencia','Lima','900000716','norte.cruztrans@empresa.com','Responsable Cruz 2',358),
('Sucursal Centro Oltursa SAC','Lima Centro','Lima','900000717','centro.oltursa@empresa.com','Responsable Oltursa 1',359),
('Sucursal Norte Oltursa SAC','Surco','Lima','900000718','norte.oltursa@empresa.com','Responsable Oltursa 2',359),
('Sucursal Centro Movil Bus SAC','San Isidro','Lima','900000719','centro.movilbus@empresa.com','Responsable Movil 1',360),
('Sucursal Norte Movil Bus SAC','Miraflores','Lima','900000720','norte.movilbus@empresa.com','Responsable Movil 2',360),
('Sucursal Centro Transportes Flores SAC','La Victoria','Lima','900000721','centro.flores@empresa.com','Responsable Flores 1',361),
('Sucursal Norte Transportes Flores SAC','Independencia','Lima','900000722','norte.flores@empresa.com','Responsable Flores 2',361),
('Sucursal Centro Scharff SAC','Callao','Callao','900000723','centro.scharff@empresa.com','Responsable Scharff 1',362),
('Sucursal Norte Scharff SAC','Ventanilla','Callao','900000724','norte.scharff@empresa.com','Responsable Scharff 2',362),
('Sucursal Centro Olva Courier SAC','Lima Centro','Lima','900000725','centro.olva@empresa.com','Responsable Olva 1',363),
('Sucursal Norte Olva Courier SAC','San Isidro','Lima','900000726','norte.olva@empresa.com','Responsable Olva 2',363),
('Sucursal Centro Serpost SAC','Lima Centro','Lima','900000727','centro.serpost@empresa.com','Responsable Serpost 1',364),
('Sucursal Norte Serpost SAC','Los Olivos','Lima','900000728','norte.serpost@empresa.com','Responsable Serpost 2',364),
('Sucursal Centro DP World SAC','Callao','Callao','900000729','centro.dpworld@empresa.com','Responsable DP World 1',365),
('Sucursal Norte DP World SAC','Ventanilla','Callao','900000730','norte.dpworld@empresa.com','Responsable DP World 2',365),
('Sucursal Centro APM Terminals SAC','Callao','Callao','900000731','centro.apm@empresa.com','Responsable APM 1',366),
('Sucursal Norte APM Terminals SAC','Ventanilla','Callao','900000732','norte.apm@empresa.com','Responsable APM 2',366),
('Sucursal Centro Cosco Shipping SAC','Callao','Callao','900000733','centro.cosco@empresa.com','Responsable Cosco 1',367),
('Sucursal Norte Cosco Shipping SAC','Ventanilla','Callao','900000734','norte.cosco@empresa.com','Responsable Cosco 2',367),
('Sucursal Centro Ferreyros SAC','San Isidro','Lima','900000735','centro.ferreyros@empresa.com','Responsable Ferreyros 1',368),
('Sucursal Norte Ferreyros SAC','Ate','Lima','900000736','norte.ferreyros@empresa.com','Responsable Ferreyros 2',368),
('Sucursal Centro Komatsu Mitsui SAC','Surco','Lima','900000737','centro.komatsu@empresa.com','Responsable Komatsu 1',369),
('Sucursal Norte Komatsu Mitsui SAC','San Borja','Lima','900000738','norte.komatsu@empresa.com','Responsable Komatsu 2',369),
('Sucursal Centro Modasa Industrial SAC','Lima Centro','Lima','900000739','centro.modasaind@empresa.com','Responsable Modasa 1',370),
('Sucursal Norte Modasa Industrial SAC','Callao','Callao','900000740','norte.modasaind@empresa.com','Responsable Modasa 2',370),
('Sucursal Centro Volvo Vehiculos SAC','San Isidro','Lima','900000741','centro.volvoveh@empresa.com','Responsable Volvo 1',371),
('Sucursal Norte Volvo Vehiculos SAC','Surco','Lima','900000742','norte.volvoveh@empresa.com','Responsable Volvo 2',371),
('Sucursal Centro Scania Logistics SAC','Callao','Callao','900000743','centro.scanialog@empresa.com','Responsable Scania 1',372),
('Sucursal Norte Scania Logistics SAC','Ventanilla','Callao','900000744','norte.scanialog@empresa.com','Responsable Scania 2',372),
('Sucursal Centro Latam Airlines SAC','San Isidro','Lima','900000745','centro.latam@empresa.com','Responsable Latam 1',373),
('Sucursal Norte Latam Airlines SAC','Miraflores','Lima','900000746','norte.latam@empresa.com','Responsable Latam 2',373),
('Sucursal Centro Sky Airline SAC','Surco','Lima','900000747','centro.sky@empresa.com','Responsable Sky 1',374),
('Sucursal Norte Sky Airline SAC','San Borja','Lima','900000748','norte.sky@empresa.com','Responsable Sky 2',374),
('Sucursal Centro JetSmart SAC','Lima Centro','Lima','900000749','centro.jetsmart@empresa.com','Responsable JetSmart 1',375),
('Sucursal Norte JetSmart SAC','Callao','Callao','900000750','norte.jetsmart@empresa.com','Responsable JetSmart 2',375),
('Sucursal Centro Lima Airport SAC','Callao','Callao','900000751','centro.limaairport@empresa.com','Responsable Airport 1',376),
('Sucursal Norte Lima Airport SAC','Ventanilla','Callao','900000752','norte.limaairport@empresa.com','Responsable Airport 2',376),
('Sucursal Centro Dinet SAC','Ate','Lima','900000753','centro.dinet@empresa.com','Responsable Dinet 1',377),
('Sucursal Norte Dinet SAC','Santa Anita','Lima','900000754','norte.dinet@empresa.com','Responsable Dinet 2',377),
('Sucursal Centro Cosapi SAC','San Isidro','Lima','900000755','centro.cosapi@empresa.com','Responsable Cosapi 1',378),
('Sucursal Norte Cosapi SAC','Surco','Lima','900000756','norte.cosapi@empresa.com','Responsable Cosapi 2',378),
('Sucursal Centro JJC Contratistas SAC','Miraflores','Lima','900000757','centro.jjc@empresa.com','Responsable JJC 1',379),
('Sucursal Norte JJC Contratistas SAC','San Borja','Lima','900000758','norte.jjc@empresa.com','Responsable JJC 2',379),
('Sucursal Centro Obrainsa SAC','Lima Centro','Lima','900000759','centro.obrainsa@empresa.com','Responsable Obrainsa 1',380),
('Sucursal Norte Obrainsa SAC','Callao','Callao','900000760','norte.obrainsa@empresa.com','Responsable Obrainsa 2',380),
('Sucursal Centro San Martin SAC','Lima Centro','Lima','900000761','centro.sanmartin@empresa.com','Responsable San Martin 1',381),
('Sucursal Norte San Martin SAC','Surco','Lima','900000762','norte.sanmartin@empresa.com','Responsable San Martin 2',381),
('Sucursal Centro UNACEM SAC','Ate','Lima','900000763','centro.unacem@empresa.com','Responsable UNACEM 1',382),
('Sucursal Norte UNACEM SAC','Callao','Callao','900000764','norte.unacem@empresa.com','Responsable UNACEM 2',382),
('Sucursal Centro Pacasmayo SAC','Pacasmayo','La Libertad','900000765','centro.pacasmayo@empresa.com','Responsable Pacasmayo 1',383),
('Sucursal Norte Pacasmayo SAC','Trujillo','La Libertad','900000766','norte.pacasmayo@empresa.com','Responsable Pacasmayo 2',383),
('Sucursal Centro Mixercon SAC','Lima Centro','Lima','900000767','centro.mixercon@empresa.com','Responsable Mixercon 1',384),
('Sucursal Norte Mixercon SAC','Ate','Lima','900000768','norte.mixercon@empresa.com','Responsable Mixercon 2',384),
('Sucursal Centro Cassinelli SAC','San Isidro','Lima','900000769','centro.cassinelli@empresa.com','Responsable Cassinelli 1',385),
('Sucursal Norte Cassinelli SAC','Surco','Lima','900000770','norte.cassinelli@empresa.com','Responsable Cassinelli 2',385),
('Sucursal Centro Sodimac Constructor SAC','Ate','Lima','900000771','centro.sodimaccon@empresa.com','Responsable Sodimac Con 1',386),
('Sucursal Norte Sodimac Constructor SAC','Santa Anita','Lima','900000772','norte.sodimaccon@empresa.com','Responsable Sodimac Con 2',386),
('Sucursal Centro Promart Homecenter SAC','San Borja','Lima','900000773','centro.promarthome@empresa.com','Responsable Promart Home 1',387),
('Sucursal Norte Promart Homecenter SAC','Surco','Lima','900000774','norte.promarthome@empresa.com','Responsable Promart Home 2',387),
('Sucursal Centro Maestro Peru SAC','Lima Centro','Lima','900000775','centro.maestroperu@empresa.com','Responsable Maestro 1',388),
('Sucursal Norte Maestro Peru SAC','Callao','Callao','900000776','norte.maestroperu@empresa.com','Responsable Maestro 2',388),
('Sucursal Centro Inkia Energy SAC','San Isidro','Lima','900000777','centro.inkia@empresa.com','Responsable Inkia 1',389),
('Sucursal Norte Inkia Energy SAC','Surco','Lima','900000778','norte.inkia@empresa.com','Responsable Inkia 2',389),
('Sucursal Centro Kallpa Generacion SAC','Lima Centro','Lima','900000779','centro.kallpa@empresa.com','Responsable Kallpa 1',390),
('Sucursal Norte Kallpa Generacion SAC','Callao','Callao','900000780','norte.kallpa@empresa.com','Responsable Kallpa 2',390),
('Sucursal Centro Engie Energia SAC','San Isidro','Lima','900000781','centro.engie@empresa.com','Responsable Engie 1',391),
('Sucursal Norte Engie Energia SAC','Surco','Lima','900000782','norte.engie@empresa.com','Responsable Engie 2',391),
('Sucursal Centro Enel Distribucion SAC','Lima Centro','Lima','900000783','centro.enel@empresa.com','Responsable Enel 1',392),
('Sucursal Norte Enel Distribucion SAC','Ate','Lima','900000784','norte.enel@empresa.com','Responsable Enel 2',392),
('Sucursal Centro Luz del Sur SAC','Surco','Lima','900000785','centro.luzsur@empresa.com','Responsable Luz 1',393),
('Sucursal Norte Luz del Sur SAC','San Borja','Lima','900000786','norte.luzsur@empresa.com','Responsable Luz 2',393),
('Sucursal Centro Electro Peru SAC','Lima Centro','Lima','900000787','centro.electroperu@empresa.com','Responsable Electro 1',394),
('Sucursal Norte Electro Peru SAC','Callao','Callao','900000788','norte.electroperu@empresa.com','Responsable Electro 2',394),
('Sucursal Centro Backus Logistica SAC','Ate','Lima','900000789','centro.backuslog@empresa.com','Responsable Backus Log 1',395),
('Sucursal Norte Backus Logistica SAC','Santa Anita','Lima','900000790','norte.backuslog@empresa.com','Responsable Backus Log 2',395),
('Sucursal Centro AJE Logistica SAC','Lima Centro','Lima','900000791','centro.ajelog@empresa.com','Responsable AJE Log 1',396),
('Sucursal Norte AJE Logistica SAC','Callao','Callao','900000792','norte.ajelog@empresa.com','Responsable AJE Log 2',396),
('Sucursal Centro Gloria Industrial SAC','Ate','Lima','900000793','centro.gloriaind@empresa.com','Responsable Gloria Ind 1',397),
('Sucursal Norte Gloria Industrial SAC','Surco','Lima','900000794','norte.gloriaind@empresa.com','Responsable Gloria Ind 2',397),
('Sucursal Centro Laive Industrial SAC','Lima Centro','Lima','900000795','centro.laiveind@empresa.com','Responsable Laive Ind 1',398),
('Sucursal Norte Laive Industrial SAC','Callao','Callao','900000796','norte.laiveind@empresa.com','Responsable Laive Ind 2',398),
('Sucursal Centro San Fernando Industrial SAC','Chorrillos','Lima','900000797','centro.sanfernandoind@empresa.com','Responsable San Fernando Ind 1',399),
('Sucursal Norte San Fernando Industrial SAC','Ate','Lima','900000798','norte.sanfernandoind@empresa.com','Responsable San Fernando Ind 2',399),
('Sucursal Centro Tottus Industrial SAC','San Isidro','Lima','900000799','centro.tottusind@empresa.com','Responsable Tottus Ind 1',400),
('Sucursal Norte Tottus Industrial SAC','Surco','Lima','900000800','norte.tottusind@empresa.com','Responsable Tottus Ind 2',400);